year_film,year_ceremony,ceremony,category,name,film,win,Gross,Date,Runtime,Awards,nominations,imdb,tomato,Metacr,imdbVotes,Documentary,Thriller,Short,Comedy,Fantasy,Animation,Mystery,Music,Biography,Drama,Western,Sci-Fi,Musical,History,Action,Crime,Romance,Family,Adventure,Sport,Horror,War
1976,1977,49,BEST PICTURE,Walter Coblenz Producer,All the Presidents Men,False,70600000.0,Apr,138,13.0,21.0,8.0,93.0,80.0,95805.0,0.0,1.0,0.0,0.0,0.0,0.0,0.0,0.0,1.0,1.0,0.0,0.0,0.0,1.0,0.0,0.0,0.0,0.0,0.0,0.0,0.0,0.0
1976,1977,49,BEST PICTURE,Robert F Blumofe and Harold Leventhal Producers,Bound for Glory,False,59866942.41791045,Dec,147,4.0,11.0,7.3,86.0,70.0,4389.0,0.0,0.0,0.0,0.0,0.0,0.0,0.0,1.0,1.0,1.0,0.0,0.0,0.0,0.0,0.0,0.0,0.0,0.0,0.0,0.0,0.0,0.0
1976,1977,49,BEST PICTURE,Howard Gottfried Producer,Network,False,23689877.0,Nov,121,16.0,26.0,8.1,92.0,83.0,136218.0,0.0,0.0,0.0,0.0,0.0,0.0,0.0,0.0,0.0,1.0,0.0,0.0,0.0,0.0,0.0,0.0,0.0,0.0,0.0,0.0,0.0,0.0
1976,1977,49,BEST PICTURE,Irwin Winkler and Robert Chartoff Producers,Rocky,True,117235147.0,Dec,120,17.0,21.0,8.1,94.0,70.0,488467.0,0.0,0.0,0.0,0.0,0.0,0.0,0.0,0.0,0.0,1.0,0.0,0.0,0.0,0.0,0.0,0.0,0.0,0.0,0.0,1.0,0.0,0.0
1976,1977,49,BEST PICTURE,Michael Phillips and Julia Phillips Producers,Taxi Driver,False,28262574.0,Feb,114,21.0,15.0,8.3,97.0,94.0,669940.0,0.0,0.0,0.0,0.0,0.0,0.0,0.0,0.0,0.0,1.0,0.0,0.0,0.0,0.0,0.0,1.0,0.0,0.0,0.0,0.0,0.0,0.0
1977,1978,50,BEST PICTURE,Charles H Joffe Producer,Annie Hall,True,38251425.0,Apr,93,26.0,8.0,8.0,97.0,92.0,241420.0,0.0,0.0,0.0,1.0,0.0,0.0,0.0,0.0,0.0,0.0,0.0,0.0,0.0,0.0,0.0,0.0,1.0,0.0,0.0,0.0,0.0,0.0
1977,1978,50,BEST PICTURE,Ray Stark Producer,The Goodbye Girl,False,59866942.41791045,Nov,111,9.0,9.0,7.4,83.0,64.0,11692.0,0.0,0.0,0.0,1.0,0.0,0.0,0.0,0.0,0.0,1.0,0.0,0.0,0.0,0.0,0.0,0.0,1.0,0.0,0.0,0.0,0.0,0.0
1977,1978,50,BEST PICTURE,Richard Roth Producer,Julia,False,20714400.0,Jan,117,18.0,24.0,7.2,74.0,58.0,8264.0,0.0,0.0,0.0,0.0,0.0,0.0,0.0,0.0,0.0,1.0,0.0,0.0,0.0,0.0,0.0,0.0,0.0,0.0,0.0,0.0,0.0,0.0
1977,1978,50,BEST PICTURE,Gary Kurtz Producer,Star Wars,False,460998507.0,May,121,52.0,28.0,8.6,93.0,90.0,1170893.0,0.0,0.0,0.0,0.0,1.0,0.0,0.0,0.0,0.0,0.0,0.0,1.0,0.0,0.0,1.0,0.0,0.0,0.0,1.0,0.0,0.0,0.0
1977,1978,50,BEST PICTURE,Herbert Ross and Arthur Laurents Producers,The Turning Point,False,25933445.0,Nov,119,11.0,7.0,6.9,61.0,68.0,3969.0,0.0,0.0,0.0,0.0,0.0,0.0,0.0,0.0,0.0,1.0,0.0,0.0,0.0,0.0,0.0,0.0,1.0,0.0,0.0,0.0,0.0,0.0
1978,1979,51,BEST PICTURE,Jerome Hellman Producer,Coming Home,False,32653905.0,Feb,127,11.0,14.0,7.3,82.0,61.0,11606.0,0.0,0.0,0.0,0.0,0.0,0.0,0.0,0.0,0.0,1.0,0.0,0.0,0.0,0.0,0.0,0.0,1.0,0.0,0.0,0.0,0.0,1.0
1978,1979,51,BEST PICTURE,Barry Spikings Michael Deeley Michael Cimino and John Peverall Producers,The Deer Hunter,True,48979328.0,Feb,183,17.0,26.0,8.1,93.0,86.0,293358.0,0.0,0.0,0.0,0.0,0.0,0.0,0.0,0.0,0.0,1.0,0.0,0.0,0.0,0.0,0.0,0.0,0.0,0.0,0.0,0.0,0.0,1.0
1978,1979,51,BEST PICTURE,Warren Beatty Producer,Heaven Can Wait,False,81640278.0,Jun,101,8.0,13.0,6.9,89.0,72.0,17346.0,0.0,0.0,0.0,1.0,1.0,0.0,0.0,0.0,0.0,0.0,0.0,0.0,0.0,0.0,0.0,0.0,1.0,0.0,0.0,1.0,0.0,0.0
1978,1979,51,BEST PICTURE,Alan Marshall and David Puttnam Producers,Midnight Express,False,35000000.0,Oct,121,14.0,14.0,7.6,96.0,59.0,68427.0,0.0,1.0,0.0,0.0,0.0,0.0,0.0,0.0,1.0,1.0,0.0,0.0,0.0,0.0,0.0,1.0,0.0,0.0,0.0,0.0,0.0,0.0
1978,1979,51,BEST PICTURE,Paul Mazursky and Tony Ray Producers,An Unmarried Woman,False,59866942.41791045,May,124,6.0,14.0,7.1,91.0,77.40287769784173,4227.0,0.0,0.0,0.0,1.0,0.0,0.0,0.0,0.0,0.0,1.0,0.0,0.0,0.0,0.0,0.0,0.0,1.0,0.0,0.0,0.0,0.0,0.0
1979,1980,52,BEST PICTURE,Robert Alan Aurthur Producer,All That Jazz,False,37823676.0,Dec,123,7.0,14.0,7.9,85.0,72.0,25364.0,0.0,0.0,0.0,0.0,0.0,0.0,0.0,1.0,0.0,1.0,0.0,0.0,1.0,0.0,0.0,0.0,0.0,0.0,0.0,0.0,0.0,0.0
1979,1980,52,BEST PICTURE,Francis Coppola Producer  Fred Roos Gray Frederickson and Tom Sternberg Co-Producers,Apocalypse Now,False,83471511.0,Aug,147,18.0,31.0,8.4,98.0,94.0,568102.0,0.0,0.0,0.0,0.0,0.0,0.0,1.0,0.0,0.0,1.0,0.0,0.0,0.0,0.0,0.0,0.0,0.0,0.0,0.0,0.0,0.0,1.0
1979,1980,52,BEST PICTURE,Peter Yates Producer,Breaking Away,False,16424918.0,Jul,101,10.0,14.0,7.7,94.0,91.0,20606.0,0.0,0.0,0.0,1.0,0.0,0.0,0.0,0.0,0.0,1.0,0.0,0.0,0.0,0.0,0.0,0.0,1.0,0.0,0.0,1.0,0.0,0.0
1979,1980,52,BEST PICTURE,Stanley R Jaffe Producer,Kramer vs Kramer,True,106260000.0,Dec,105,33.0,23.0,7.8,88.0,77.0,123163.0,0.0,0.0,0.0,0.0,0.0,0.0,0.0,0.0,0.0,1.0,0.0,0.0,0.0,0.0,0.0,0.0,0.0,0.0,0.0,0.0,0.0,0.0
1979,1980,52,BEST PICTURE,Tamara Asseyev and Alex Rose Producers,Norma Rae,False,22228000.0,Mar,114,10.0,6.0,7.3,88.0,61.0,9666.0,0.0,0.0,0.0,0.0,0.0,0.0,0.0,0.0,0.0,1.0,0.0,0.0,0.0,0.0,0.0,0.0,0.0,0.0,0.0,0.0,0.0,0.0
1980,1981,53,BEST PICTURE,Bernard Schwartz Producer,Coal Miners Daughter,False,67182787.0,Mar,124,9.0,13.0,7.5,89.0,87.0,15633.0,0.0,0.0,0.0,0.0,0.0,0.0,0.0,1.0,1.0,1.0,0.0,0.0,0.0,0.0,0.0,0.0,0.0,0.0,0.0,0.0,0.0,0.0
1980,1981,53,BEST PICTURE,Jonathan Sanger Producer,The Elephant Man,False,26010864.0,Oct,124,10.0,13.0,8.1,91.0,77.0,206289.0,0.0,0.0,0.0,0.0,0.0,0.0,0.0,0.0,1.0,1.0,0.0,0.0,0.0,0.0,0.0,0.0,0.0,0.0,0.0,0.0,0.0,0.0
1980,1981,53,BEST PICTURE,Ronald L Schwary Producer,Ordinary People,True,54766923.0,Feb,124,15.0,14.0,7.7,88.0,87.0,43845.0,0.0,0.0,0.0,0.0,0.0,0.0,0.0,0.0,0.0,1.0,0.0,0.0,0.0,0.0,0.0,0.0,0.0,0.0,0.0,0.0,0.0,0.0
1980,1981,53,BEST PICTURE,Irwin Winkler and Robert Chartoff Producers,Raging Bull,False,23383987.0,Dec,129,22.0,27.0,8.2,94.0,89.0,301003.0,0.0,0.0,0.0,0.0,0.0,0.0,0.0,0.0,1.0,1.0,0.0,0.0,0.0,0.0,0.0,0.0,0.0,0.0,0.0,1.0,0.0,0.0
1980,1981,53,BEST PICTURE,Claude Berri Producer  Timothy Burrill Co-Producer,Tess,False,20093330.0,Dec,170,13.0,14.0,7.3,81.0,82.0,13963.0,0.0,0.0,0.0,0.0,0.0,0.0,0.0,0.0,0.0,1.0,0.0,0.0,0.0,0.0,0.0,0.0,1.0,0.0,0.0,0.0,0.0,0.0
1981,1982,54,BEST PICTURE,Denis Heroux and John Kemeny Producers,Atlantic City,False,12729675.0,Nov,60,0.0,0.0,7.462968750000003,85.8449111470113,77.40287769784173,205000.5703125,0.0,0.0,0.0,0.0,0.0,0.0,0.0,0.0,0.0,0.0,0.0,0.0,1.0,0.0,0.0,0.0,0.0,0.0,0.0,0.0,0.0,0.0
1981,1982,54,BEST PICTURE,David Puttnam Producer,Chariots of Fire,True,58972904.0,Apr,125,14.0,19.0,7.2,84.0,78.0,50993.0,0.0,0.0,0.0,0.0,0.0,0.0,0.0,0.0,1.0,1.0,0.0,0.0,0.0,0.0,0.0,0.0,0.0,0.0,0.0,1.0,0.0,0.0
1981,1982,54,BEST PICTURE,Bruce Gilbert Producer,On Golden Pond,False,119285432.0,Feb,109,11.0,23.0,7.6,93.0,68.0,26152.0,0.0,0.0,0.0,0.0,0.0,0.0,0.0,0.0,0.0,1.0,0.0,0.0,0.0,0.0,0.0,0.0,0.0,0.0,0.0,0.0,0.0,0.0
1981,1982,54,BEST PICTURE,Frank Marshall Producer,Raiders of the Lost Ark,False,248159971.0,Jun,115,31.0,24.0,8.4,95.0,85.0,836565.0,0.0,0.0,0.0,0.0,0.0,0.0,0.0,0.0,0.0,0.0,0.0,0.0,0.0,0.0,1.0,0.0,0.0,0.0,1.0,0.0,0.0,0.0
1981,1982,54,BEST PICTURE,Warren Beatty Producer,Reds,False,40382659.0,Dec,195,19.0,34.0,7.3,90.0,76.0,19619.0,0.0,0.0,0.0,0.0,0.0,0.0,0.0,0.0,1.0,1.0,0.0,0.0,0.0,1.0,0.0,0.0,1.0,0.0,0.0,0.0,0.0,0.0
1982,1983,55,BEST PICTURE,Steven Spielberg and Kathleen Kennedy Producers,ET The Extra-Terrestrial,False,435110554.0,Jun,115,48.0,35.0,7.8,98.0,91.0,349157.0,0.0,0.0,0.0,0.0,0.0,0.0,0.0,0.0,0.0,0.0,0.0,1.0,0.0,0.0,0.0,0.0,0.0,1.0,0.0,0.0,0.0,0.0
1982,1983,55,BEST PICTURE,Richard Attenborough Producer,Gandhi,True,52767889.0,Feb,191,27.0,20.0,8.0,84.0,79.0,211004.0,0.0,0.0,0.0,0.0,0.0,0.0,0.0,0.0,1.0,1.0,0.0,0.0,0.0,1.0,0.0,0.0,0.0,0.0,0.0,0.0,0.0,0.0
1982,1983,55,BEST PICTURE,Edward Lewis and Mildred Lewis Producers,Missing,False,14000000.0,Mar,122,10.0,18.0,7.7,97.0,78.0,17078.0,0.0,1.0,0.0,0.0,0.0,0.0,1.0,0.0,1.0,1.0,0.0,0.0,0.0,1.0,0.0,0.0,0.0,0.0,0.0,0.0,0.0,0.0
1982,1983,55,BEST PICTURE,Sydney Pollack and Dick Richards Producers,Tootsie,False,177200000.0,Dec,116,24.0,30.0,7.4,90.0,88.0,91891.0,0.0,0.0,0.0,1.0,0.0,0.0,0.0,0.0,0.0,1.0,0.0,0.0,0.0,0.0,0.0,0.0,1.0,0.0,0.0,0.0,0.0,0.0
1982,1983,55,BEST PICTURE,Richard D Zanuck and David Brown Producers,The Verdict,False,53977250.0,Dec,129,3.0,9.0,7.7,90.0,77.0,33374.0,0.0,0.0,0.0,0.0,0.0,0.0,0.0,0.0,0.0,1.0,0.0,0.0,0.0,0.0,0.0,0.0,0.0,0.0,0.0,0.0,0.0,0.0
1983,1984,56,BEST PICTURE,Michael Shamberg Producer,The Big Chill,False,56399659.0,Sep,105,3.0,5.0,7.2,68.0,61.0,31024.0,0.0,0.0,0.0,1.0,0.0,0.0,0.0,0.0,0.0,1.0,0.0,0.0,0.0,0.0,0.0,0.0,0.0,0.0,0.0,0.0,0.0,0.0
1983,1984,56,BEST PICTURE,Peter Yates Producer,The Dresser,False,5310748.0,Dec,118,5.0,12.0,7.7,100.0,77.40287769784173,4285.0,0.0,0.0,0.0,0.0,0.0,0.0,0.0,0.0,0.0,1.0,0.0,0.0,0.0,0.0,0.0,0.0,0.0,0.0,0.0,0.0,0.0,0.0
1983,1984,56,BEST PICTURE,Irwin Winkler and Robert Chartoff Producers,The Right Stuff,False,21192102.0,Feb,193,7.0,16.0,7.8,98.0,91.0,53688.0,0.0,0.0,0.0,0.0,0.0,0.0,0.0,0.0,1.0,1.0,0.0,0.0,0.0,1.0,0.0,0.0,0.0,0.0,1.0,0.0,0.0,0.0
1983,1984,56,BEST PICTURE,Philip S Hobel Producer,Tender Mercies,False,8443124.0,Jun,92,7.0,14.0,7.4,83.0,77.40287769784173,8716.0,0.0,0.0,0.0,0.0,0.0,0.0,0.0,1.0,0.0,1.0,0.0,0.0,0.0,0.0,0.0,0.0,0.0,0.0,0.0,0.0,0.0,0.0
1983,1984,56,BEST PICTURE,James L Brooks Producer,Terms of Endearment,True,108423489.0,Dec,132,27.0,18.0,7.4,78.0,79.0,51304.0,0.0,0.0,0.0,1.0,0.0,0.0,0.0,0.0,0.0,1.0,0.0,0.0,0.0,0.0,0.0,0.0,0.0,0.0,0.0,0.0,0.0,0.0
1984,1985,57,BEST PICTURE,Saul Zaentz Producer,Amadeus,True,51973029.0,Sep,160,34.0,14.0,8.3,93.0,88.0,349716.0,0.0,0.0,0.0,0.0,0.0,0.0,0.0,1.0,1.0,1.0,0.0,0.0,0.0,1.0,0.0,0.0,0.0,0.0,0.0,0.0,0.0,0.0
1984,1985,57,BEST PICTURE,David Puttnam Producer,The Killing Fields,False,34700291.0,Feb,141,24.0,22.0,7.8,93.0,76.0,48769.0,0.0,0.0,0.0,0.0,0.0,0.0,0.0,0.0,1.0,1.0,0.0,0.0,0.0,1.0,0.0,0.0,0.0,0.0,0.0,0.0,0.0,1.0
1984,1985,57,BEST PICTURE,John Brabourne and Richard Goodwin Producers,A Passage to India,False,27187653.0,Feb,164,20.0,26.0,7.3,83.0,77.40287769784173,16020.0,0.0,0.0,0.0,0.0,0.0,0.0,0.0,0.0,0.0,1.0,0.0,0.0,0.0,1.0,0.0,0.0,0.0,0.0,1.0,0.0,0.0,0.0
1984,1985,57,BEST PICTURE,Arlene Donovan Producer,Places in the Heart,False,34901614.0,Oct,111,11.0,14.0,7.3,93.0,70.0,9664.0,0.0,0.0,0.0,0.0,0.0,0.0,0.0,0.0,0.0,1.0,0.0,0.0,0.0,0.0,0.0,0.0,0.0,0.0,0.0,0.0,0.0,0.0
1984,1985,57,BEST PICTURE,Norman Jewison Ronald L Schwary and Patrick Palmer Producers,A Soldiers Story,False,21821347.0,Nov,101,5.0,6.0,7.2,90.0,77.40287769784173,8248.0,0.0,0.0,0.0,0.0,0.0,0.0,1.0,0.0,0.0,1.0,0.0,0.0,0.0,0.0,0.0,1.0,0.0,0.0,0.0,0.0,0.0,1.0
1985,1986,58,BEST PICTURE,Steven Spielberg Kathleen Kennedy Frank Marshall and Quincy Jones Producers,The Color Purple,False,98467863.0,Feb,154,14.0,12.0,7.8,80.0,78.0,73473.0,0.0,0.0,0.0,0.0,0.0,0.0,0.0,0.0,0.0,1.0,0.0,0.0,0.0,0.0,0.0,0.0,0.0,0.0,0.0,0.0,0.0,0.0
1985,1986,58,BEST PICTURE,David Weisman Producer,Kiss of the Spider Woman,False,17005229.0,Jul,120,12.0,10.0,7.4,85.0,80.0,13228.0,0.0,0.0,0.0,0.0,0.0,0.0,0.0,0.0,0.0,1.0,0.0,0.0,0.0,0.0,0.0,0.0,0.0,0.0,0.0,0.0,0.0,0.0
1985,1986,58,BEST PICTURE,Sydney Pollack Producer,Out of Africa,True,87071205.0,Dec,161,23.0,27.0,7.2,58.0,69.0,67127.0,0.0,0.0,0.0,0.0,0.0,0.0,0.0,0.0,1.0,1.0,0.0,0.0,0.0,0.0,0.0,0.0,1.0,0.0,0.0,0.0,0.0,0.0
1985,1986,58,BEST PICTURE,John Foreman Producer,Prizzis Honor,False,26657534.0,Jun,130,26.0,24.0,6.7,86.0,84.0,21627.0,0.0,0.0,0.0,1.0,0.0,0.0,0.0,0.0,0.0,1.0,0.0,0.0,0.0,0.0,0.0,1.0,1.0,0.0,0.0,0.0,0.0,0.0
1985,1986,58,BEST PICTURE,Edward S Feldman Producer,Witness,False,68706993.0,Feb,112,11.0,25.0,7.4,92.0,76.0,80962.0,0.0,1.0,0.0,0.0,0.0,0.0,0.0,0.0,0.0,1.0,0.0,0.0,0.0,0.0,0.0,1.0,1.0,0.0,0.0,0.0,0.0,0.0
1986,1987,59,BEST PICTURE,Burt Sugarman and Patrick Palmer Producers,Children of a Lesser God,False,31853080.0,Oct,119,5.0,11.0,7.2,81.0,80.0,14065.0,0.0,0.0,0.0,0.0,0.0,0.0,0.0,0.0,0.0,1.0,0.0,0.0,0.0,0.0,0.0,0.0,1.0,0.0,0.0,0.0,0.0,0.0
1986,1987,59,BEST PICTURE,Robert Greenhut Producer,Hannah and Her Sisters,False,40084041.0,Mar,107,24.0,26.0,7.9,91.0,90.0,63430.0,0.0,0.0,0.0,1.0,0.0,0.0,0.0,0.0,0.0,1.0,0.0,0.0,0.0,0.0,0.0,0.0,0.0,0.0,0.0,0.0,0.0,0.0
1986,1987,59,BEST PICTURE,Fernando Ghia and David Puttnam Producers,The Mission,False,17218023.0,Oct,125,14.0,26.0,7.4,64.0,55.0,52997.0,0.0,0.0,0.0,0.0,0.0,0.0,0.0,0.0,0.0,1.0,0.0,0.0,0.0,1.0,0.0,0.0,0.0,0.0,1.0,0.0,0.0,0.0
1986,1987,59,BEST PICTURE,Arnold Kopelson Producer,Platoon,True,138530565.0,Feb,120,20.0,14.0,8.1,88.0,92.0,361846.0,0.0,0.0,0.0,0.0,0.0,0.0,0.0,0.0,0.0,1.0,0.0,0.0,0.0,0.0,0.0,0.0,0.0,0.0,0.0,0.0,0.0,1.0
1986,1987,59,BEST PICTURE,Ismail Merchant Producer,A Room with a View,False,20966644.0,Apr,117,22.0,22.0,7.3,100.0,80.0,37026.0,0.0,0.0,0.0,0.0,0.0,0.0,0.0,0.0,0.0,1.0,0.0,0.0,0.0,0.0,0.0,0.0,1.0,0.0,0.0,0.0,0.0,0.0
1987,1988,60,BEST PICTURE,James L Brooks Producer,Broadcast News,False,51249404.0,Dec,133,15.0,17.0,7.2,98.0,84.0,25457.0,0.0,0.0,0.0,1.0,0.0,0.0,0.0,0.0,0.0,1.0,0.0,0.0,0.0,0.0,0.0,0.0,1.0,0.0,0.0,0.0,0.0,0.0
1987,1988,60,BEST PICTURE,Stanley R Jaffe and Sherry Lansing Producers,Fatal Attraction,False,156645693.0,Sep,119,7.0,16.0,6.9,76.0,67.0,70416.0,0.0,1.0,0.0,0.0,0.0,0.0,0.0,0.0,0.0,1.0,0.0,0.0,0.0,0.0,0.0,0.0,0.0,0.0,0.0,0.0,0.0,0.0
1987,1988,60,BEST PICTURE,John Boorman Producer,Hope and Glory,False,10021120.0,Feb,113,16.0,24.0,7.3,95.0,77.40287769784173,11707.0,0.0,0.0,0.0,1.0,0.0,0.0,0.0,0.0,0.0,1.0,0.0,0.0,0.0,0.0,0.0,0.0,1.0,0.0,0.0,0.0,0.0,0.0
1987,1988,60,BEST PICTURE,Jeremy Thomas Producer,The Last Emperor,True,43984230.0,Apr,163,51.0,21.0,7.7,90.0,76.0,87790.0,0.0,0.0,0.0,0.0,0.0,0.0,0.0,0.0,1.0,1.0,0.0,0.0,0.0,1.0,0.0,0.0,0.0,0.0,0.0,0.0,0.0,0.0
1987,1988,60,BEST PICTURE,Patrick Palmer and Norman Jewison Producers,Moonstruck,False,80640528.0,Jan,102,15.0,19.0,7.1,93.0,83.0,45696.0,0.0,0.0,0.0,1.0,0.0,0.0,0.0,0.0,0.0,1.0,0.0,0.0,0.0,0.0,0.0,0.0,1.0,0.0,0.0,0.0,0.0,0.0
1988,1989,61,BEST PICTURE,Lawrence Kasdan Charles Okun and Michael Grillo Producers,The Accidental Tourist,False,32632093.0,Jan,121,3.0,11.0,6.8,81.0,53.0,14089.0,0.0,0.0,0.0,0.0,0.0,0.0,0.0,0.0,0.0,1.0,0.0,0.0,0.0,0.0,0.0,0.0,1.0,0.0,0.0,0.0,0.0,0.0
1988,1989,61,BEST PICTURE,Norma Heyman and Hank Moonjean Producers,Dangerous Liaisons,False,34670720.0,Feb,119,18.0,20.0,7.6,93.0,74.0,61373.0,0.0,0.0,0.0,0.0,0.0,0.0,0.0,0.0,0.0,1.0,0.0,0.0,0.0,0.0,0.0,0.0,1.0,0.0,0.0,0.0,0.0,0.0
1988,1989,61,BEST PICTURE,Frederick Zollo and Robert F Colesberry Producers,Mississippi Burning,False,34603943.0,Jan,128,16.0,24.0,7.8,83.0,65.0,81960.0,0.0,1.0,0.0,0.0,0.0,0.0,1.0,0.0,0.0,1.0,0.0,0.0,0.0,1.0,0.0,1.0,0.0,0.0,0.0,0.0,0.0,0.0
1988,1989,61,BEST PICTURE,Mark Johnson Producer,Rain Man,True,172825435.0,Dec,133,22.0,22.0,8.0,90.0,65.0,452495.0,0.0,0.0,0.0,0.0,0.0,0.0,0.0,0.0,0.0,1.0,0.0,0.0,0.0,0.0,0.0,0.0,0.0,0.0,0.0,0.0,0.0,0.0
1988,1989,61,BEST PICTURE,Douglas Wick Producer,Working Girl,False,63779477.0,Dec,113,8.0,17.0,6.8,83.0,73.0,49029.0,0.0,0.0,0.0,1.0,0.0,0.0,0.0,0.0,0.0,1.0,0.0,0.0,0.0,0.0,0.0,0.0,1.0,0.0,0.0,0.0,0.0,0.0
1989,1990,62,BEST PICTURE,A Kitman Ho and Oliver Stone Producers,Born on the Fourth of July,False,70001698.0,Jan,145,13.0,25.0,7.2,87.0,75.0,92527.0,0.0,0.0,0.0,0.0,0.0,0.0,0.0,0.0,1.0,1.0,0.0,0.0,0.0,0.0,0.0,0.0,0.0,0.0,0.0,0.0,0.0,1.0
1989,1990,62,BEST PICTURE,Steven Haft Paul Junger Witt and Tony Thomas Producers,Dead Poets Society,False,95860116.0,Jun,128,19.0,18.0,8.1,84.0,79.0,388510.0,0.0,0.0,0.0,1.0,0.0,0.0,0.0,0.0,0.0,1.0,0.0,0.0,0.0,0.0,0.0,0.0,0.0,0.0,0.0,0.0,0.0,0.0
1989,1990,62,BEST PICTURE,Richard D Zanuck and Lili Fini Zanuck Producers,Driving Miss Daisy,True,106593296.0,Jan,99,17.0,24.0,7.4,81.0,81.0,92097.0,0.0,0.0,0.0,0.0,0.0,0.0,0.0,0.0,0.0,1.0,0.0,0.0,0.0,0.0,0.0,0.0,0.0,0.0,0.0,0.0,0.0,0.0
1989,1990,62,BEST PICTURE,Lawrence Gordon and Charles Gordon Producers,Field of Dreams,False,64431625.0,May,107,7.0,10.0,7.5,86.0,57.0,102674.0,0.0,0.0,0.0,0.0,1.0,0.0,0.0,0.0,0.0,1.0,0.0,0.0,0.0,0.0,0.0,0.0,0.0,1.0,0.0,1.0,0.0,0.0
1989,1990,62,BEST PICTURE,Noel Pearson Producer,My Left Foot,False,14743391.0,Mar,103,21.0,20.0,7.9,97.0,97.0,63354.0,0.0,0.0,0.0,0.0,0.0,0.0,0.0,0.0,1.0,1.0,0.0,0.0,0.0,0.0,0.0,0.0,0.0,0.0,0.0,0.0,0.0,0.0
1990,1991,63,BEST PICTURE,Walter F Parkes and Lawrence Lasker Producers,Awakenings,False,52096475.0,Jan,121,6.0,8.0,7.8,88.0,74.0,115808.0,0.0,0.0,0.0,0.0,0.0,0.0,0.0,0.0,1.0,1.0,0.0,0.0,0.0,0.0,0.0,0.0,0.0,0.0,0.0,0.0,0.0,0.0
1990,1991,63,BEST PICTURE,Jim Wilson and Kevin Costner Producers,Dances With Wolves,True,184208848.0,Nov,181,44.0,37.0,8.0,83.0,72.0,227308.0,0.0,0.0,0.0,0.0,0.0,0.0,0.0,0.0,0.0,1.0,1.0,0.0,0.0,0.0,0.0,0.0,0.0,0.0,1.0,0.0,0.0,0.0
1990,1991,63,BEST PICTURE,Lisa Weinstein Producer,Ghost,False,217631306.0,Jul,127,16.0,23.0,7.0,73.0,52.0,185474.0,0.0,1.0,0.0,0.0,1.0,0.0,0.0,0.0,0.0,1.0,0.0,0.0,0.0,0.0,0.0,0.0,1.0,0.0,0.0,0.0,0.0,0.0
1990,1991,63,BEST PICTURE,Francis Ford Coppola Producer,The Godfather Part III,False,66666062.0,Dec,162,6.0,16.0,7.6,68.0,60.0,336448.0,0.0,0.0,0.0,0.0,0.0,0.0,0.0,0.0,0.0,1.0,0.0,0.0,0.0,0.0,0.0,1.0,0.0,0.0,0.0,0.0,0.0,0.0
1990,1991,63,BEST PICTURE,Irwin Winkler Producer,Good Fellas,False,46836214.0,Sep,146,43.0,38.0,8.7,96.0,90.0,948824.0,0.0,0.0,0.0,0.0,0.0,0.0,0.0,0.0,1.0,1.0,0.0,0.0,0.0,0.0,0.0,1.0,0.0,0.0,0.0,0.0,0.0,0.0
1991,1992,64,BEST PICTURE,Don Hahn Producer,Beauty and the Beast,False,218967620.0,Nov,84,27.0,34.0,8.0,94.0,95.0,401616.0,0.0,0.0,0.0,0.0,1.0,1.0,0.0,0.0,0.0,0.0,0.0,0.0,1.0,0.0,0.0,0.0,1.0,1.0,0.0,0.0,0.0,0.0
1991,1992,64,BEST PICTURE,Mark Johnson Barry Levinson and Warren Beatty Producers,Bugsy,False,49114016.0,Dec,136,10.0,41.0,6.8,85.0,80.0,24590.0,0.0,0.0,0.0,0.0,0.0,0.0,0.0,0.0,1.0,1.0,0.0,0.0,0.0,0.0,0.0,1.0,0.0,0.0,0.0,0.0,0.0,0.0
1991,1992,64,BEST PICTURE,A Kitman Ho and Oliver Stone Producers,JFK,False,70405498.0,Dec,189,17.0,42.0,8.0,84.0,72.0,134163.0,0.0,1.0,0.0,0.0,0.0,0.0,0.0,0.0,0.0,1.0,0.0,0.0,0.0,1.0,0.0,0.0,0.0,0.0,0.0,0.0,0.0,0.0
1991,1992,64,BEST PICTURE,Barbra Streisand and Andrew Karsch Producers,The Prince of Tides,False,74787599.0,Dec,132,3.0,11.0,6.7,68.0,65.0,15030.0,0.0,0.0,0.0,0.0,0.0,0.0,0.0,0.0,0.0,1.0,0.0,0.0,0.0,0.0,0.0,0.0,1.0,0.0,0.0,0.0,0.0,0.0
1991,1992,64,BEST PICTURE,Edward Saxon Kenneth Utt and Ron Bozman Producers,The Silence of the Lambs,True,130742922.0,Feb,118,63.0,51.0,8.6,96.0,85.0,1180775.0,0.0,1.0,0.0,0.0,0.0,0.0,0.0,0.0,0.0,1.0,0.0,0.0,0.0,0.0,0.0,1.0,0.0,0.0,0.0,0.0,0.0,0.0
1992,1993,65,BEST PICTURE,Stephen Woolley Producer,The Crying Game,False,62548947.0,Feb,112,21.0,46.0,7.2,94.0,90.0,48559.0,0.0,1.0,0.0,0.0,0.0,0.0,0.0,0.0,0.0,1.0,0.0,0.0,0.0,0.0,0.0,1.0,1.0,0.0,0.0,0.0,0.0,0.0
1992,1993,65,BEST PICTURE,David Brown Rob Reiner and Andrew Scheinman Producers,A Few Good Men,False,141340178.0,Dec,138,10.0,26.0,7.7,82.0,62.0,221340.0,0.0,1.0,0.0,0.0,0.0,0.0,0.0,0.0,0.0,1.0,0.0,0.0,0.0,0.0,0.0,0.0,0.0,0.0,0.0,0.0,0.0,0.0
1992,1993,65,BEST PICTURE,Ismail Merchant Producer,Howards End,False,26126837.0,Feb,142,29.0,48.0,7.4,94.0,89.0,26862.0,0.0,0.0,0.0,0.0,0.0,0.0,0.0,0.0,0.0,1.0,0.0,0.0,0.0,0.0,0.0,0.0,1.0,0.0,0.0,0.0,0.0,0.0
1992,1993,65,BEST PICTURE,Martin Brest Producer,Scent of a Woman,False,63095253.0,Jan,156,5.0,14.0,8.0,88.0,59.0,242321.0,0.0,0.0,0.0,0.0,0.0,0.0,0.0,0.0,0.0,1.0,0.0,0.0,0.0,0.0,0.0,0.0,0.0,0.0,0.0,0.0,0.0,0.0
1992,1993,65,BEST PICTURE,Clint Eastwood Producer,Unforgiven,True,101157447.0,Aug,130,46.0,46.0,8.2,96.0,85.0,353760.0,0.0,0.0,0.0,0.0,0.0,0.0,0.0,0.0,0.0,1.0,1.0,0.0,0.0,0.0,0.0,0.0,0.0,0.0,0.0,0.0,0.0,0.0
1993,1994,66,BEST PICTURE,Arnold Kopelson Producer,The Fugitive,False,183875760.0,Aug,130,12.0,37.0,7.8,96.0,87.0,252328.0,0.0,1.0,0.0,0.0,0.0,0.0,1.0,0.0,0.0,1.0,0.0,0.0,0.0,0.0,1.0,1.0,0.0,0.0,0.0,0.0,0.0,0.0
1993,1994,66,BEST PICTURE,Jim Sheridan Producer,In the Name of the Father,False,25096862.0,Feb,133,7.0,34.0,8.1,94.0,84.0,146706.0,0.0,0.0,0.0,0.0,0.0,0.0,0.0,0.0,1.0,1.0,0.0,0.0,0.0,0.0,0.0,0.0,0.0,0.0,0.0,0.0,0.0,0.0
1993,1994,66,BEST PICTURE,Jan Chapman Producer,The Piano,False,40157856.0,Feb,121,60.0,56.0,7.6,92.0,89.0,74735.0,0.0,0.0,0.0,0.0,0.0,0.0,0.0,1.0,0.0,1.0,0.0,0.0,0.0,0.0,0.0,0.0,1.0,0.0,0.0,0.0,0.0,0.0
1993,1994,66,BEST PICTURE,Mike Nichols John Calley and Ismail Merchant Producers,The Remains of the Day,False,23237911.0,Nov,134,16.0,32.0,7.8,95.0,84.0,60291.0,0.0,0.0,0.0,0.0,0.0,0.0,0.0,0.0,0.0,1.0,0.0,0.0,0.0,0.0,0.0,0.0,1.0,0.0,0.0,0.0,0.0,0.0
1993,1994,66,BEST PICTURE,Steven Spielberg Gerald R Molen and Branko Lustig Producers,Schindlers List,True,96898818.0,Feb,195,83.0,49.0,8.9,97.0,94.0,1140799.0,0.0,0.0,0.0,0.0,0.0,0.0,0.0,0.0,1.0,1.0,0.0,0.0,0.0,1.0,0.0,0.0,0.0,0.0,0.0,0.0,0.0,0.0
1994,1995,67,BEST PICTURE,Wendy Finerman Steve Tisch and Steve Starkey Producers,Forrest Gump,True,330455270.0,Jul,142,43.0,74.0,8.8,70.0,82.0,1682983.0,0.0,0.0,0.0,0.0,0.0,0.0,0.0,0.0,0.0,1.0,0.0,0.0,0.0,0.0,0.0,0.0,1.0,0.0,0.0,0.0,0.0,0.0
1994,1995,67,BEST PICTURE,Duncan Kenworthy Producer,Four Weddings and a Funeral,False,52700832.0,Apr,117,24.0,26.0,7.0,96.0,81.0,131259.0,0.0,0.0,0.0,1.0,0.0,0.0,0.0,0.0,0.0,1.0,0.0,0.0,0.0,0.0,0.0,0.0,1.0,0.0,0.0,0.0,0.0,0.0
1994,1995,67,BEST PICTURE,Lawrence Bender Producer,Pulp Fiction,False,107928762.0,Oct,154,68.0,74.0,8.9,92.0,94.0,1710921.0,0.0,0.0,0.0,0.0,0.0,0.0,0.0,0.0,0.0,1.0,0.0,0.0,0.0,0.0,0.0,1.0,0.0,0.0,0.0,0.0,0.0,0.0
1994,1995,67,BEST PICTURE,Robert Redford Michael Jacobs Julian Krainin and Michael Nozik Producers,Quiz Show,False,24822619.0,Oct,133,6.0,31.0,7.5,96.0,88.0,62118.0,0.0,0.0,0.0,0.0,0.0,0.0,0.0,0.0,1.0,1.0,0.0,0.0,0.0,1.0,0.0,0.0,0.0,0.0,0.0,0.0,0.0,0.0
1994,1995,67,BEST PICTURE,Niki Marvin Producer,The Shawshank Redemption,False,28699976.0,Oct,142,21.0,35.0,9.3,90.0,80.0,2188727.0,0.0,0.0,0.0,0.0,0.0,0.0,0.0,0.0,0.0,1.0,0.0,0.0,0.0,0.0,0.0,0.0,0.0,0.0,0.0,0.0,0.0,0.0
1995,1996,68,BEST PICTURE,Brian Grazer Producer,Apollo 13,False,173837933.0,Jun,140,26.0,57.0,7.6,95.0,77.0,253702.0,0.0,0.0,0.0,0.0,0.0,0.0,0.0,0.0,0.0,1.0,0.0,0.0,0.0,1.0,0.0,0.0,0.0,0.0,1.0,0.0,0.0,0.0
1995,1996,68,BEST PICTURE,George Miller Doug Mitchell and Bill Miller Producers,Babe,False,63658910.0,Aug,91,19.0,26.0,6.7,97.0,83.0,111602.0,0.0,0.0,0.0,1.0,0.0,0.0,0.0,0.0,0.0,1.0,0.0,0.0,0.0,0.0,0.0,0.0,0.0,1.0,0.0,0.0,0.0,0.0
1995,1996,68,BEST PICTURE,Mel Gibson Alan Ladd Jr and Bruce Davey Producers,Braveheart,True,75609945.0,May,178,27.0,32.0,8.3,76.0,68.0,914954.0,0.0,0.0,0.0,0.0,0.0,0.0,0.0,0.0,1.0,1.0,0.0,0.0,0.0,1.0,0.0,0.0,0.0,0.0,0.0,0.0,0.0,1.0
1995,1996,68,BEST PICTURE,Mario Cecchi Gori Vittorio Cecchi Gori and Gaetano Daniele Producers,The Postman Il Postino,False,21848932.0,Mar,108,31.0,19.0,7.7,93.0,81.0,31433.0,0.0,0.0,0.0,1.0,0.0,0.0,0.0,0.0,1.0,1.0,0.0,0.0,0.0,0.0,0.0,0.0,1.0,0.0,0.0,0.0,0.0,0.0
1995,1996,68,BEST PICTURE,Lindsay Doran Producer,Sense and Sensibility,False,43182776.0,Jan,136,32.0,49.0,7.6,98.0,84.0,95376.0,0.0,0.0,0.0,0.0,0.0,0.0,0.0,0.0,0.0,1.0,0.0,0.0,0.0,0.0,0.0,0.0,1.0,0.0,0.0,0.0,0.0,0.0
1996,1997,69,BEST PICTURE,Saul Zaentz Producer,The English Patient,True,78676425.0,Dec,162,53.0,76.0,7.4,85.0,87.0,170372.0,0.0,0.0,0.0,0.0,0.0,0.0,0.0,0.0,0.0,1.0,0.0,0.0,0.0,0.0,0.0,0.0,1.0,0.0,0.0,0.0,0.0,1.0
1996,1997,69,BEST PICTURE,Ethan Coen Producer,Fargo,False,24611975.0,Apr,98,81.0,57.0,8.1,93.0,85.0,579575.0,0.0,1.0,0.0,0.0,0.0,0.0,0.0,0.0,0.0,1.0,0.0,0.0,0.0,0.0,0.0,1.0,0.0,0.0,0.0,0.0,0.0,0.0
1996,1997,69,BEST PICTURE,James L Brooks Laurence Mark Richard Sakai and Cameron Crowe Producers,Jerry Maguire,False,153952592.0,Dec,139,25.0,41.0,7.3,83.0,77.0,228876.0,0.0,0.0,0.0,1.0,0.0,0.0,0.0,0.0,0.0,1.0,0.0,0.0,0.0,0.0,0.0,0.0,1.0,0.0,0.0,1.0,0.0,0.0
1996,1997,69,BEST PICTURE,Simon Channing-Williams Producer,Secrets  Lies,False,13417292.0,Feb,136,36.0,41.0,8.0,95.0,91.0,34796.0,0.0,0.0,0.0,1.0,0.0,0.0,0.0,0.0,0.0,1.0,0.0,0.0,0.0,0.0,0.0,0.0,0.0,0.0,0.0,0.0,0.0,0.0
1996,1997,69,BEST PICTURE,Jane Scott Producer,Shine,False,35892330.0,Feb,105,45.0,51.0,7.7,91.0,87.0,49342.0,0.0,0.0,0.0,0.0,0.0,0.0,0.0,1.0,1.0,1.0,0.0,0.0,0.0,0.0,0.0,0.0,1.0,0.0,0.0,0.0,0.0,0.0
1997,1998,70,BEST PICTURE,James L Brooks Bridget Johnson and Kristi Zea Producers,As Good as It Gets,False,148478011.0,Dec,139,36.0,53.0,7.7,85.0,67.0,261174.0,0.0,0.0,0.0,1.0,0.0,0.0,0.0,0.0,0.0,1.0,0.0,0.0,0.0,0.0,0.0,0.0,1.0,0.0,0.0,0.0,0.0,0.0
1997,1998,70,BEST PICTURE,Uberto Pasolini Producer,The Full Monty,False,45950122.0,Sep,91,36.0,34.0,7.2,96.0,75.0,94779.0,0.0,0.0,0.0,1.0,0.0,0.0,0.0,0.0,0.0,1.0,0.0,0.0,0.0,0.0,0.0,0.0,0.0,0.0,0.0,0.0,0.0,0.0
1997,1998,70,BEST PICTURE,Lawrence Bender Producer,Good Will Hunting,False,138433435.0,Jan,126,22.0,60.0,8.3,97.0,70.0,799413.0,0.0,0.0,0.0,0.0,0.0,0.0,0.0,0.0,0.0,1.0,0.0,0.0,0.0,0.0,0.0,0.0,1.0,0.0,0.0,0.0,0.0,0.0
1997,1998,70,BEST PICTURE,Arnon Milchan Curtis Hanson and Michael Nathanson Producers,LA Confidential,False,64616940.0,Sep,138,89.0,84.0,8.2,99.0,90.0,507437.0,0.0,1.0,0.0,0.0,0.0,0.0,1.0,0.0,0.0,1.0,0.0,0.0,0.0,0.0,0.0,1.0,0.0,0.0,0.0,0.0,0.0,0.0
1997,1998,70,BEST PICTURE,James Cameron and Jon Landau Producers,Titanic,True,659363944.0,Dec,194,115.0,83.0,7.8,89.0,75.0,987893.0,0.0,0.0,0.0,0.0,0.0,0.0,0.0,0.0,0.0,1.0,0.0,0.0,0.0,0.0,0.0,0.0,1.0,0.0,0.0,0.0,0.0,0.0
1998,1999,71,BEST PICTURE,Alison Owen Eric Fellner and Tim Bevan Producers,Elizabeth,False,30082699.0,Feb,124,33.0,55.0,7.4,82.0,75.0,88053.0,0.0,0.0,0.0,0.0,0.0,0.0,0.0,0.0,1.0,1.0,0.0,0.0,0.0,1.0,0.0,0.0,0.0,0.0,0.0,0.0,0.0,0.0
1998,1999,71,BEST PICTURE,Elda Ferri and Gianluigi Braschi Producers,Life Is Beautiful,False,57563264.0,Feb,116,67.0,51.0,8.6,80.0,59.0,576583.0,0.0,0.0,0.0,1.0,0.0,0.0,0.0,0.0,0.0,1.0,0.0,0.0,0.0,0.0,0.0,0.0,1.0,0.0,0.0,0.0,0.0,1.0
1998,1999,71,BEST PICTURE,Steven Spielberg Ian Bryce Mark Gordon and Gary Levinsohn Producers,Saving Private Ryan,False,217049603.0,Jul,169,74.0,74.0,8.6,93.0,91.0,1154696.0,0.0,0.0,0.0,0.0,0.0,0.0,0.0,0.0,0.0,1.0,0.0,0.0,0.0,0.0,0.0,0.0,0.0,0.0,0.0,0.0,0.0,1.0
1998,1999,71,BEST PICTURE,David Parfitt Donna Gigliotti Harvey Weinstein Edward Zwick and Marc Norman Producers,Shakespeare in Love,True,100317794.0,Jan,123,57.0,87.0,7.1,92.0,87.0,205961.0,0.0,0.0,0.0,1.0,0.0,0.0,0.0,0.0,0.0,1.0,0.0,0.0,0.0,1.0,0.0,0.0,1.0,0.0,0.0,0.0,0.0,0.0
1998,1999,71,BEST PICTURE,Robert Michael Geisler John Roberdeau and Grant Hill Producers,The Thin Red Line,False,36400491.0,Jan,170,20.0,40.0,7.6,80.0,78.0,164236.0,0.0,0.0,0.0,0.0,0.0,0.0,0.0,0.0,0.0,1.0,0.0,0.0,0.0,0.0,0.0,0.0,0.0,0.0,0.0,0.0,0.0,1.0
1999,2000,72,BEST PICTURE,Bruce Cohen and Dan Jinks Producers,American Beauty,True,130096601.0,Oct,122,106.0,101.0,8.3,87.0,84.0,1016465.0,0.0,0.0,0.0,0.0,0.0,0.0,0.0,0.0,0.0,1.0,0.0,0.0,0.0,0.0,0.0,0.0,0.0,0.0,0.0,0.0,0.0,0.0
1999,2000,72,BEST PICTURE,Richard N Gladstein Producer,The Cider House Rules,False,57545092.0,Jan,126,6.0,30.0,7.4,71.0,75.0,89594.0,0.0,0.0,0.0,0.0,0.0,0.0,0.0,0.0,0.0,1.0,0.0,0.0,0.0,0.0,0.0,0.0,1.0,0.0,0.0,0.0,0.0,0.0
1999,2000,72,BEST PICTURE,David Valdes and Frank Darabont Producers,The Green Mile,False,136801374.0,Dec,189,15.0,33.0,8.6,78.0,61.0,1067412.0,0.0,0.0,0.0,0.0,1.0,0.0,1.0,0.0,0.0,1.0,0.0,0.0,0.0,0.0,0.0,1.0,0.0,0.0,0.0,0.0,0.0,0.0
1999,2000,72,BEST PICTURE,Michael Mann and Pieter Jan Brugge Producers,The Insider,False,29089912.0,Nov,157,23.0,50.0,7.8,96.0,84.0,153074.0,0.0,1.0,0.0,0.0,0.0,0.0,0.0,0.0,1.0,1.0,0.0,0.0,0.0,0.0,0.0,0.0,0.0,0.0,0.0,0.0,0.0,0.0
1999,2000,72,BEST PICTURE,Frank Marshall Kathleen Kennedy and Barry Mendel Producers,The Sixth Sense,False,293506292.0,Aug,107,32.0,48.0,8.1,86.0,64.0,870241.0,0.0,1.0,0.0,0.0,0.0,0.0,1.0,0.0,0.0,1.0,0.0,0.0,0.0,0.0,0.0,0.0,0.0,0.0,0.0,0.0,0.0,0.0
2000,2001,73,BEST PICTURE,David Brown Kit Golden and Leslie Holleran Producers,Chocolat,False,71509363.0,Jan,121,7.0,31.0,7.2,62.0,64.0,171108.0,0.0,0.0,0.0,0.0,0.0,0.0,0.0,0.0,0.0,1.0,0.0,0.0,0.0,0.0,0.0,0.0,1.0,0.0,0.0,0.0,0.0,0.0
2000,2001,73,BEST PICTURE,Bill Kong Hsu Li Kong and Ang Lee Producers,Crouching Tiger Hidden Dragon,False,128078872.0,Jan,120,97.0,133.0,7.8,97.0,94.0,243787.0,0.0,0.0,0.0,0.0,1.0,0.0,0.0,0.0,0.0,0.0,0.0,0.0,0.0,0.0,1.0,0.0,1.0,0.0,1.0,0.0,0.0,0.0
2000,2001,73,BEST PICTURE,Danny DeVito Michael Shamberg and Stacey Sher Producers,Erin Brockovich,False,125595205.0,Mar,131,32.0,59.0,7.3,84.0,73.0,163936.0,0.0,0.0,0.0,0.0,0.0,0.0,0.0,0.0,1.0,1.0,0.0,0.0,0.0,0.0,0.0,0.0,0.0,0.0,0.0,0.0,0.0,0.0
2000,2001,73,BEST PICTURE,Douglas Wick David Franzoni and Branko Lustig Producers,Gladiator,True,187705427.0,May,155,54.0,104.0,8.5,76.0,67.0,1257401.0,0.0,0.0,0.0,0.0,0.0,0.0,0.0,0.0,0.0,1.0,0.0,0.0,0.0,0.0,1.0,0.0,0.0,0.0,1.0,0.0,0.0,0.0
2000,2001,73,BEST PICTURE,Edward Zwick Marshall Herskovitz and Laura Bickford Producers,Traffic,False,124115725.0,Jan,147,70.0,86.0,7.6,92.0,86.0,189032.0,0.0,1.0,0.0,0.0,0.0,0.0,0.0,0.0,0.0,1.0,0.0,0.0,0.0,0.0,0.0,1.0,0.0,0.0,0.0,0.0,0.0,0.0
2001,2002,74,BEST PICTURE,Brian Grazer and Ron Howard Producers,A Beautiful Mind,True,170742341.0,Jan,135,33.0,68.0,8.2,74.0,72.0,797727.0,0.0,0.0,0.0,0.0,0.0,0.0,0.0,0.0,1.0,1.0,0.0,0.0,0.0,0.0,0.0,0.0,0.0,0.0,0.0,0.0,0.0,0.0
2001,2002,74,BEST PICTURE,Robert Altman Bob Balaban and David Levy Producers,Gosford Park,False,41308615.0,Jan,131,35.0,73.0,7.2,86.0,90.0,76110.0,0.0,0.0,0.0,1.0,0.0,0.0,1.0,0.0,0.0,1.0,0.0,0.0,0.0,0.0,0.0,0.0,0.0,0.0,0.0,0.0,0.0,0.0
2001,2002,74,BEST PICTURE,Graham Leader Ross Katz and Todd Field Producers,In the Bedroom,False,35930604.0,Feb,130,39.0,70.0,7.4,93.0,86.0,36315.0,0.0,0.0,0.0,0.0,0.0,0.0,0.0,0.0,0.0,1.0,0.0,0.0,0.0,0.0,0.0,1.0,0.0,0.0,0.0,0.0,0.0,0.0
2001,2002,74,BEST PICTURE,Peter Jackson Fran Walsh and Barrie M Osborne Producers,The Lord of the Rings The Fellowship of the Ring,False,315544750.0,Dec,178,115.0,124.0,8.8,91.0,92.0,1568706.0,0.0,0.0,0.0,0.0,1.0,0.0,0.0,0.0,0.0,1.0,0.0,0.0,0.0,0.0,0.0,0.0,0.0,0.0,1.0,0.0,0.0,0.0
2001,2002,74,BEST PICTURE,Martin Brown Baz Luhrmann and Fred Baron Producers,Moulin Rouge,False,57386607.0,Jun,127,85.0,130.0,7.6,76.0,66.0,257602.0,0.0,0.0,0.0,0.0,0.0,0.0,0.0,0.0,0.0,1.0,0.0,0.0,1.0,0.0,0.0,0.0,1.0,0.0,0.0,0.0,0.0,0.0
2002,2003,75,BEST PICTURE,Martin Richards Producer,Chicago,True,170687518.0,Jan,113,51.0,128.0,7.1,86.0,82.0,206941.0,0.0,0.0,0.0,1.0,0.0,0.0,0.0,0.0,0.0,0.0,0.0,0.0,1.0,0.0,0.0,1.0,0.0,0.0,0.0,0.0,0.0,0.0
2002,2003,75,BEST PICTURE,Alberto Grimaldi and Harvey Weinstein Producers,Gangs of New York,False,6080065.0,Dec,167,50.0,124.0,7.5,73.0,72.0,383889.0,0.0,0.0,0.0,0.0,0.0,0.0,0.0,0.0,0.0,1.0,0.0,0.0,0.0,0.0,0.0,1.0,0.0,0.0,0.0,0.0,0.0,0.0
2002,2003,75,BEST PICTURE,Scott Rudin and Robert Fox Producers,The Hours,False,13084595.0,Feb,110,42.0,125.0,7.5,80.0,80.0,119197.0,0.0,0.0,0.0,0.0,0.0,0.0,0.0,0.0,0.0,1.0,0.0,0.0,0.0,0.0,0.0,0.0,1.0,0.0,0.0,0.0,0.0,0.0
2002,2003,75,BEST PICTURE,Barrie M Osborne Fran Walsh and Peter Jackson Producers,The Lord of the Rings The Two Towers,False,342551365.0,Dec,179,123.0,137.0,8.7,95.0,87.0,1399733.0,0.0,0.0,0.0,0.0,1.0,0.0,0.0,0.0,0.0,1.0,0.0,0.0,0.0,0.0,0.0,0.0,0.0,0.0,1.0,0.0,0.0,0.0
2002,2003,75,BEST PICTURE,Roman Polanski Robert Benmussa and Alain Sarde Producers,The Pianist,False,32572577.0,Mar,150,54.0,73.0,8.5,95.0,85.0,673896.0,0.0,0.0,0.0,0.0,0.0,0.0,0.0,1.0,1.0,1.0,0.0,0.0,0.0,0.0,0.0,0.0,0.0,0.0,0.0,0.0,0.0,1.0
2003,2004,76,BEST PICTURE,Barrie M Osborne Peter Jackson and Fran Walsh Producers,The Lord of the Rings The Return of the King,True,377845905.0,Dec,201,198.0,122.0,8.9,93.0,94.0,1551872.0,0.0,0.0,0.0,0.0,1.0,0.0,0.0,0.0,0.0,1.0,0.0,0.0,0.0,0.0,0.0,0.0,0.0,0.0,1.0,0.0,0.0,0.0
2003,2004,76,BEST PICTURE,Ross Katz and Sofia Coppola Producers,Lost in Translation,False,44585453.0,Oct,102,97.0,129.0,7.7,95.0,89.0,387784.0,0.0,0.0,0.0,0.0,0.0,0.0,0.0,0.0,0.0,1.0,0.0,0.0,0.0,0.0,0.0,0.0,0.0,0.0,0.0,0.0,0.0,0.0
2003,2004,76,BEST PICTURE,Samuel Goldwyn Jr Peter Weir and Duncan Henderson Producers,Master and Commander The Far Side of the World,False,93927920.0,Nov,138,21.0,90.0,7.4,85.0,81.0,193360.0,0.0,0.0,0.0,0.0,0.0,0.0,0.0,0.0,0.0,1.0,0.0,0.0,0.0,1.0,1.0,0.0,0.0,0.0,1.0,0.0,0.0,1.0
2003,2004,76,BEST PICTURE,Robert Lorenz Judie G Hoyt and Clint Eastwood Producers,Mystic River,False,90135191.0,Oct,138,55.0,142.0,7.9,88.0,84.0,398860.0,0.0,1.0,0.0,0.0,0.0,0.0,1.0,0.0,0.0,1.0,0.0,0.0,0.0,0.0,0.0,1.0,0.0,0.0,0.0,0.0,0.0,0.0
2003,2004,76,BEST PICTURE,Kathleen Kennedy Frank Marshall and Gary Ross Producers,Seabiscuit,False,120277854.0,Jul,140,6.0,37.0,7.3,78.0,72.0,64196.0,0.0,0.0,0.0,0.0,0.0,0.0,0.0,0.0,0.0,1.0,0.0,0.0,0.0,1.0,0.0,0.0,0.0,0.0,0.0,1.0,0.0,0.0
2004,2005,77,BEST PICTURE,Michael Mann and Graham King Producers,The Aviator,False,102610330.0,Dec,170,81.0,130.0,7.5,86.0,77.0,316662.0,0.0,0.0,0.0,0.0,0.0,0.0,0.0,0.0,1.0,1.0,0.0,0.0,0.0,0.0,0.0,0.0,0.0,0.0,0.0,0.0,0.0,0.0
2004,2005,77,BEST PICTURE,Richard N Gladstein and Nellie Bellflower Producers,Finding Neverland,False,51680613.0,Dec,106,19.0,80.0,7.7,83.0,67.0,192788.0,0.0,0.0,0.0,0.0,0.0,0.0,0.0,0.0,1.0,1.0,0.0,0.0,0.0,0.0,0.0,0.0,0.0,1.0,0.0,0.0,0.0,0.0
2004,2005,77,BEST PICTURE,Clint Eastwood Albert S Ruddy and Tom Rosenberg Producers,Million Dollar Baby,True,100492203.0,Jan,132,64.0,84.0,8.1,91.0,86.0,602372.0,0.0,0.0,0.0,0.0,0.0,0.0,0.0,0.0,0.0,1.0,0.0,0.0,0.0,0.0,0.0,0.0,0.0,0.0,0.0,1.0,0.0,0.0
2004,2005,77,BEST PICTURE,Taylor Hackford Stuart Benjamin and Howard Baldwin Producers,Ray,False,75331600.0,Oct,152,52.0,54.0,7.7,80.0,73.0,131615.0,0.0,0.0,0.0,0.0,0.0,0.0,0.0,1.0,1.0,1.0,0.0,0.0,0.0,0.0,0.0,0.0,0.0,0.0,0.0,0.0,0.0,0.0
2004,2005,77,BEST PICTURE,Michael London Producer,Sideways,False,71503593.0,Jan,127,122.0,89.0,7.5,97.0,94.0,172937.0,0.0,0.0,0.0,1.0,0.0,0.0,0.0,0.0,0.0,1.0,0.0,0.0,0.0,0.0,0.0,0.0,1.0,0.0,0.0,0.0,0.0,0.0
2005,2006,78,BEST PICTURE,Diana Ossana and James Schamus Producers,Brokeback Mountain,False,83043761.0,Jan,134,139.0,130.0,7.7,87.0,87.0,307726.0,0.0,0.0,0.0,0.0,0.0,0.0,0.0,0.0,0.0,1.0,0.0,0.0,0.0,0.0,0.0,0.0,1.0,0.0,0.0,0.0,0.0,0.0
2005,2006,78,BEST PICTURE,Caroline Baron William Vince and Michael Ohoven Producers,Capote,False,28750530.0,Feb,114,59.0,87.0,7.3,90.0,88.0,120164.0,0.0,0.0,0.0,0.0,0.0,0.0,0.0,0.0,1.0,1.0,0.0,0.0,0.0,1.0,0.0,1.0,0.0,0.0,0.0,0.0,0.0,0.0
2005,2006,78,BEST PICTURE,Paul Haggis and Cathy Schulman Producers,Crash,True,209255921.0,Mar,10,0.0,0.0,6.3,85.8449111470113,77.40287769784173,299.0,0.0,0.0,1.0,0.0,0.0,0.0,0.0,0.0,0.0,0.0,0.0,0.0,0.0,0.0,1.0,0.0,0.0,0.0,0.0,0.0,0.0,0.0
2005,2006,78,BEST PICTURE,Grant Heslov Producer,Good Night and Good Luck,False,31558003.0,Nov,93,38.0,121.0,7.4,93.0,80.0,91656.0,0.0,0.0,0.0,0.0,0.0,0.0,0.0,0.0,1.0,1.0,0.0,0.0,0.0,1.0,0.0,0.0,0.0,0.0,0.0,0.0,0.0,0.0
2005,2006,78,BEST PICTURE,Kathleen Kennedy Steven Spielberg and Barry Mendel Producers,Munich,False,47403685.0,Jan,164,14.0,69.0,7.5,78.0,74.0,202929.0,0.0,1.0,0.0,0.0,0.0,0.0,0.0,0.0,0.0,1.0,0.0,0.0,0.0,1.0,0.0,0.0,0.0,0.0,0.0,0.0,0.0,0.0
2006,2007,79,BEST PICTURE,Alejandro Gonz찼lez I챰찼rritu Jon Kilik and Steve Golin Producers,Babel,False,34302837.0,Nov,143,42.0,135.0,7.4,69.0,69.0,278521.0,0.0,0.0,0.0,0.0,0.0,0.0,0.0,0.0,0.0,1.0,0.0,0.0,0.0,0.0,0.0,0.0,0.0,0.0,0.0,0.0,0.0,0.0
2006,2007,79,BEST PICTURE,Graham King Producer,The Departed,True,132384315.0,Oct,151,94.0,139.0,8.5,91.0,85.0,1115516.0,0.0,1.0,0.0,0.0,0.0,0.0,0.0,0.0,0.0,1.0,0.0,0.0,0.0,0.0,0.0,1.0,0.0,0.0,0.0,0.0,0.0,0.0
2006,2007,79,BEST PICTURE,Clint Eastwood Steven Spielberg and Robert Lorenz Producers,Letters from Iwo Jima,False,13756082.0,Feb,141,23.0,38.0,7.9,91.0,89.0,148910.0,0.0,0.0,0.0,0.0,0.0,0.0,0.0,0.0,0.0,1.0,0.0,0.0,0.0,1.0,1.0,0.0,0.0,0.0,1.0,0.0,0.0,1.0
2006,2007,79,BEST PICTURE,David T Friendly Peter Saraf and Marc Turtletaub Producers,Little Miss Sunshine,False,59891098.0,Aug,101,70.0,111.0,7.8,91.0,80.0,419664.0,0.0,0.0,0.0,1.0,0.0,0.0,0.0,0.0,0.0,1.0,0.0,0.0,0.0,0.0,0.0,0.0,0.0,0.0,0.0,0.0,0.0,0.0
2006,2007,79,BEST PICTURE,Andy Harries Christine Langan and Tracey Seaward Producers,The Queen,False,56441711.0,Nov,103,95.0,97.0,7.3,96.0,91.0,100000.0,0.0,0.0,0.0,0.0,0.0,0.0,0.0,0.0,1.0,1.0,0.0,0.0,0.0,1.0,0.0,0.0,0.0,0.0,0.0,0.0,0.0,0.0
2007,2008,80,BEST PICTURE,Tim Bevan Eric Fellner and Paul Webster Producers,Atonement,False,50927067.0,Jan,123,50.0,148.0,7.8,83.0,85.0,234486.0,0.0,0.0,0.0,0.0,0.0,0.0,1.0,0.0,0.0,1.0,0.0,0.0,0.0,0.0,0.0,0.0,1.0,0.0,0.0,0.0,0.0,1.0
2007,2008,80,BEST PICTURE,Lianne Halfon Mason Novick and Russell Smith Producers,Juno,False,143495265.0,Dec,96,89.0,98.0,7.4,94.0,81.0,474909.0,0.0,0.0,0.0,1.0,0.0,0.0,0.0,0.0,0.0,1.0,0.0,0.0,0.0,0.0,0.0,0.0,0.0,0.0,0.0,0.0,0.0,0.0
2007,2008,80,BEST PICTURE,Sydney Pollack Jennifer Fox and Kerry Orent Producers,Michael Clayton,False,49033882.0,Oct,119,28.0,113.0,7.2,91.0,82.0,151194.0,0.0,1.0,0.0,0.0,0.0,0.0,1.0,0.0,0.0,1.0,0.0,0.0,0.0,0.0,0.0,1.0,0.0,0.0,0.0,0.0,0.0,0.0
2007,2008,80,BEST PICTURE,Scott Rudin Ethan Coen and Joel Coen Producers,No Country for Old Men,True,74283625.0,Nov,122,159.0,137.0,8.1,93.0,91.0,794614.0,0.0,1.0,0.0,0.0,0.0,0.0,0.0,0.0,0.0,1.0,0.0,0.0,0.0,0.0,0.0,1.0,0.0,0.0,0.0,0.0,0.0,0.0
2007,2008,80,BEST PICTURE,JoAnne Sellar Paul Thomas Anderson and Daniel Lupi Producers,There Will Be Blood,False,40222514.0,Jan,158,110.0,136.0,8.2,91.0,93.0,480704.0,0.0,0.0,0.0,0.0,0.0,0.0,0.0,0.0,0.0,1.0,0.0,0.0,0.0,0.0,0.0,0.0,0.0,0.0,0.0,0.0,0.0,0.0
2008,2009,81,BEST PICTURE,Kathleen Kennedy Frank Marshall and Ce찼n Chaffin Producers,The Curious Case of Benjamin Button,False,127509326.0,Dec,166,81.0,157.0,7.8,71.0,70.0,556750.0,0.0,0.0,0.0,0.0,1.0,0.0,0.0,0.0,0.0,1.0,0.0,0.0,0.0,0.0,0.0,0.0,1.0,0.0,0.0,0.0,0.0,0.0
2008,2009,81,BEST PICTURE,Brian Grazer Ron Howard and Eric Fellner Producers,Frost/Nixon,False,18622031.0,Jan,122,23.0,74.0,7.7,93.0,80.0,98657.0,0.0,0.0,0.0,0.0,0.0,0.0,0.0,0.0,1.0,1.0,0.0,0.0,0.0,1.0,0.0,0.0,0.0,0.0,0.0,0.0,0.0,0.0
2008,2009,81,BEST PICTURE,Dan Jinks and Bruce Cohen Producers,Milk,False,59866942.41791045,Jan,128,64.0,142.0,7.5,93.0,84.0,159172.0,0.0,0.0,0.0,0.0,0.0,0.0,0.0,0.0,1.0,1.0,0.0,0.0,0.0,0.0,0.0,0.0,0.0,0.0,0.0,0.0,0.0,0.0
2008,2009,81,BEST PICTURE,Anthony Minghella Sydney Pollack Donna Gigliotti and Redmond Morris Producers,The Reader,False,34194407.0,Jan,124,25.0,47.0,7.6,63.0,58.0,221869.0,0.0,0.0,0.0,0.0,0.0,0.0,0.0,0.0,0.0,1.0,0.0,0.0,0.0,0.0,0.0,0.0,1.0,0.0,0.0,0.0,0.0,0.0
2008,2009,81,BEST PICTURE,Christian Colson Producer,Slumdog Millionaire,True,141319928.0,Dec,120,147.0,130.0,8.0,91.0,86.0,764567.0,0.0,0.0,0.0,0.0,0.0,0.0,0.0,0.0,0.0,1.0,0.0,0.0,0.0,0.0,0.0,0.0,1.0,0.0,0.0,0.0,0.0,0.0
2009,2010,82,BEST PICTURE,James Cameron and Jon Landau Producers,Avatar,False,760507625.0,Dec,162,86.0,129.0,7.8,82.0,83.0,1073469.0,0.0,0.0,0.0,0.0,1.0,0.0,0.0,0.0,0.0,0.0,0.0,1.0,0.0,0.0,1.0,0.0,0.0,0.0,1.0,0.0,0.0,0.0
2009,2010,82,BEST PICTURE,Gil Netter Andrew A Kosove and Broderick Johnson Producers,The Blind Side,False,255959475.0,Nov,129,7.0,30.0,7.6,66.0,53.0,275540.0,0.0,0.0,0.0,0.0,0.0,0.0,0.0,0.0,1.0,1.0,0.0,0.0,0.0,0.0,0.0,0.0,0.0,0.0,0.0,1.0,0.0,0.0
2009,2010,82,BEST PICTURE,Peter Jackson and Carolynne Cunningham Producers,District 9,False,59866942.41791045,Aug,112,31.0,111.0,7.9,90.0,81.0,616529.0,0.0,1.0,0.0,0.0,0.0,0.0,0.0,0.0,0.0,0.0,0.0,1.0,0.0,0.0,1.0,0.0,0.0,0.0,0.0,0.0,0.0,0.0
2009,2010,82,BEST PICTURE,Finola Dwyer and Amanda Posey Producers,An Education,False,12574914.0,Feb,100,36.0,93.0,7.3,94.0,85.0,124912.0,0.0,0.0,0.0,0.0,0.0,0.0,0.0,0.0,0.0,1.0,0.0,0.0,0.0,0.0,0.0,0.0,0.0,0.0,0.0,0.0,0.0,0.0
2009,2010,82,BEST PICTURE,Kathryn Bigelow Mark Boal Nicolas Chartier and Greg Shapiro Producers,The Hurt Locker,True,17017811.0,Jul,131,119.0,129.0,7.6,97.0,95.0,402997.0,0.0,1.0,0.0,0.0,0.0,0.0,0.0,0.0,0.0,1.0,0.0,0.0,0.0,0.0,0.0,0.0,0.0,0.0,0.0,0.0,0.0,1.0
2009,2010,82,BEST PICTURE,Lawrence Bender Producer,Inglourious Basterds,False,120540719.0,Aug,153,132.0,171.0,8.3,89.0,69.0,1173574.0,0.0,0.0,0.0,0.0,0.0,0.0,0.0,0.0,0.0,1.0,0.0,0.0,0.0,0.0,0.0,0.0,0.0,0.0,1.0,0.0,0.0,1.0
2009,2010,82,BEST PICTURE,Lee Daniels Sarah Siegel-Magness and Gary Magness Producers,Precious Based on the Novel Push by Sapphire,False,47566524.0,Nov,110,112.0,103.0,7.3,91.0,79.0,101911.0,0.0,0.0,0.0,0.0,0.0,0.0,0.0,0.0,0.0,1.0,0.0,0.0,0.0,0.0,0.0,0.0,0.0,0.0,0.0,0.0,0.0,0.0
2009,2010,82,BEST PICTURE,Joel Coen and Ethan Coen Producers,A Serious Man,False,25339.0,Nov,106,17.0,77.0,7.0,90.0,79.0,125697.0,0.0,0.0,0.0,1.0,0.0,0.0,0.0,0.0,0.0,1.0,0.0,0.0,0.0,0.0,0.0,0.0,0.0,0.0,0.0,0.0,0.0,0.0
2009,2010,82,BEST PICTURE,Jonas Rivera Producer,Up,False,17231291.0,May,96,77.0,82.0,8.2,98.0,88.0,878357.0,0.0,0.0,0.0,1.0,0.0,1.0,0.0,0.0,0.0,0.0,0.0,0.0,0.0,0.0,0.0,0.0,0.0,1.0,1.0,0.0,0.0,0.0
2009,2010,82,BEST PICTURE,Daniel Dubiecki Ivan Reitman and Jason Reitman Producers,Up in the Air,False,83823381.0,Dec,109,76.0,162.0,7.4,91.0,83.0,306668.0,0.0,0.0,0.0,1.0,0.0,0.0,0.0,0.0,0.0,1.0,0.0,0.0,0.0,0.0,0.0,0.0,1.0,0.0,0.0,0.0,0.0,0.0
2010,2011,83,BEST PICTURE,Mike Medavoy Brian Oliver and Scott Franklin Producers,Black Swan,False,106954678.0,Dec,108,96.0,277.0,8.0,85.0,79.0,666279.0,0.0,1.0,0.0,0.0,0.0,0.0,0.0,0.0,0.0,1.0,0.0,0.0,0.0,0.0,0.0,0.0,0.0,0.0,0.0,0.0,0.0,0.0
2010,2011,83,BEST PICTURE,David Hoberman Todd Lieberman and Mark Wahlberg Producers,The Fighter,False,93617009.0,Dec,116,72.0,122.0,7.8,91.0,79.0,324056.0,0.0,0.0,0.0,0.0,0.0,0.0,0.0,0.0,1.0,1.0,0.0,0.0,0.0,0.0,0.0,0.0,0.0,0.0,0.0,1.0,0.0,0.0
2010,2011,83,BEST PICTURE,Emma Thomas and Christopher Nolan Producers,Inception,False,292576195.0,Jul,148,152.0,210.0,8.8,87.0,74.0,1914829.0,0.0,1.0,0.0,0.0,0.0,0.0,0.0,0.0,0.0,0.0,0.0,1.0,0.0,0.0,1.0,0.0,0.0,0.0,1.0,0.0,0.0,0.0
2010,2011,83,BEST PICTURE,Gary Gilbert Jeffrey Levy-Hinte and Celine Rattray Producers,The Kids Are All Right,False,20811365.0,Jul,106,29.0,127.0,7.0,93.0,86.0,122109.0,0.0,0.0,0.0,1.0,0.0,0.0,0.0,0.0,0.0,1.0,0.0,0.0,0.0,0.0,0.0,0.0,1.0,0.0,0.0,0.0,0.0,0.0
2010,2011,83,BEST PICTURE,Iain Canning Emile Sherman and Gareth Unwin Producers,The Kings Speech,True,138797449.0,Dec,118,106.0,204.0,8.0,95.0,88.0,609260.0,0.0,0.0,0.0,0.0,0.0,0.0,0.0,0.0,1.0,1.0,0.0,0.0,0.0,1.0,0.0,0.0,0.0,0.0,0.0,0.0,0.0,0.0
2010,2011,83,BEST PICTURE,Christian Colson Danny Boyle and John Smithson Producers,127 Hours,False,18335230.0,Jan,94,23.0,144.0,7.6,93.0,82.0,332529.0,0.0,0.0,0.0,0.0,0.0,0.0,0.0,0.0,1.0,1.0,0.0,0.0,0.0,0.0,0.0,0.0,0.0,0.0,0.0,0.0,0.0,0.0
2010,2011,83,BEST PICTURE,Scott Rudin Dana Brunetti Michael De Luca and Ce찼n Chaffin Producers,The Social Network,False,96962694.0,Oct,120,169.0,179.0,7.7,96.0,95.0,584673.0,0.0,0.0,0.0,0.0,0.0,0.0,0.0,0.0,1.0,1.0,0.0,0.0,0.0,0.0,0.0,0.0,0.0,0.0,0.0,0.0,0.0,0.0
2010,2011,83,BEST PICTURE,Darla K Anderson Producer,Toy Story 3,False,415004880.0,Jun,103,59.0,94.0,8.3,98.0,92.0,715841.0,0.0,0.0,0.0,1.0,1.0,1.0,0.0,0.0,0.0,0.0,0.0,0.0,0.0,0.0,0.0,0.0,0.0,1.0,1.0,0.0,0.0,0.0
2010,2011,83,BEST PICTURE,Scott Rudin Ethan Coen and Joel Coen Producers,True Grit,False,171243005.0,Dec,110,37.0,159.0,7.6,96.0,80.0,293533.0,0.0,0.0,0.0,0.0,0.0,0.0,0.0,0.0,0.0,1.0,1.0,0.0,0.0,0.0,0.0,0.0,0.0,0.0,0.0,0.0,0.0,0.0
2010,2011,83,BEST PICTURE,Anne Rosellini and Alix Madigan-Yorkin Producers,Winters Bone,False,6531503.0,Jul,100,63.0,126.0,7.2,94.0,90.0,130752.0,0.0,0.0,0.0,0.0,0.0,0.0,1.0,0.0,0.0,1.0,0.0,0.0,0.0,0.0,0.0,0.0,0.0,0.0,0.0,0.0,0.0,0.0
2011,2012,84,BEST PICTURE,Thomas Langmann Producer,The Artist,True,44671682.0,Jan,100,156.0,203.0,7.9,95.0,89.0,221349.0,0.0,0.0,0.0,1.0,0.0,0.0,0.0,0.0,0.0,1.0,0.0,0.0,0.0,0.0,0.0,0.0,1.0,0.0,0.0,0.0,0.0,0.0
2011,2012,84,BEST PICTURE,Jim Burke Alexander Payne and Jim Taylor Producers,The Descendants,False,82584160.0,Dec,115,65.0,146.0,7.3,89.0,84.0,226564.0,0.0,0.0,0.0,1.0,0.0,0.0,0.0,0.0,0.0,1.0,0.0,0.0,0.0,0.0,0.0,0.0,0.0,0.0,0.0,0.0,0.0,0.0
2011,2012,84,BEST PICTURE,Scott Rudin Producer,Extremely Loud  Incredibly Close,False,31847881.0,Jan,129,8.0,23.0,6.9,46.0,46.0,94707.0,0.0,0.0,0.0,0.0,0.0,0.0,1.0,0.0,0.0,1.0,0.0,0.0,0.0,0.0,0.0,0.0,0.0,0.0,1.0,0.0,0.0,0.0
2011,2012,84,BEST PICTURE,Brunson Green Chris Columbus and Michael Barnathan Producers,The Help,False,169708112.0,Aug,146,79.0,119.0,8.1,76.0,62.0,403663.0,0.0,0.0,0.0,0.0,0.0,0.0,0.0,0.0,0.0,1.0,0.0,0.0,0.0,0.0,0.0,0.0,0.0,0.0,0.0,0.0,0.0,0.0
2011,2012,84,BEST PICTURE,Graham King and Martin Scorsese Producers,Hugo,False,73864507.0,Nov,126,56.0,190.0,7.5,93.0,83.0,291357.0,0.0,0.0,0.0,0.0,1.0,0.0,1.0,0.0,0.0,1.0,0.0,0.0,0.0,0.0,0.0,0.0,0.0,1.0,0.0,0.0,0.0,0.0
2011,2012,84,BEST PICTURE,Letty Aronson and Stephen Tenenbaum Producers,Midnight in Paris,False,56817045.0,Jun,94,25.0,101.0,7.7,93.0,81.0,365682.0,0.0,0.0,0.0,1.0,1.0,0.0,0.0,0.0,0.0,0.0,0.0,0.0,0.0,0.0,0.0,0.0,1.0,0.0,0.0,0.0,0.0,0.0
2011,2012,84,BEST PICTURE,Michael De Luca Rachael Horovitz and Brad Pitt Producers,Moneyball,False,75605492.0,Sep,133,30.0,76.0,7.6,94.0,87.0,337522.0,0.0,0.0,0.0,0.0,0.0,0.0,0.0,0.0,1.0,1.0,0.0,0.0,0.0,0.0,0.0,0.0,0.0,0.0,0.0,1.0,0.0,0.0
2011,2012,84,BEST PICTURE,Sarah Green Bill Pohlad Dede Gardner and Grant Hill Producers,The Tree of Life,False,13303319.0,May,139,116.0,123.0,6.8,84.0,85.0,160256.0,0.0,0.0,0.0,0.0,1.0,0.0,0.0,0.0,0.0,1.0,0.0,0.0,0.0,0.0,0.0,0.0,0.0,0.0,0.0,0.0,0.0,0.0
2011,2012,84,BEST PICTURE,Steven Spielberg and Kathleen Kennedy Producers,War Horse,False,79884879.0,Dec,146,15.0,71.0,7.2,74.0,72.0,140476.0,0.0,0.0,0.0,0.0,0.0,0.0,0.0,0.0,0.0,1.0,0.0,0.0,0.0,1.0,1.0,0.0,0.0,0.0,1.0,0.0,0.0,1.0
2012,2013,85,BEST PICTURE,Margaret Menegoz Stefan Arndt Veit Heiduschka and Michael Katz Producers,Amour,False,6739492.0,Sep,127,79.0,104.0,7.9,93.0,94.0,87562.0,0.0,0.0,0.0,0.0,0.0,0.0,0.0,0.0,0.0,1.0,0.0,0.0,0.0,0.0,0.0,0.0,1.0,0.0,0.0,0.0,0.0,0.0
2012,2013,85,BEST PICTURE,Grant Heslov Ben Affleck and George Clooney Producers,Argo,True,136025503.0,Oct,120,93.0,154.0,7.7,96.0,86.0,548104.0,0.0,1.0,0.0,0.0,0.0,0.0,0.0,0.0,1.0,1.0,0.0,0.0,0.0,0.0,0.0,0.0,0.0,0.0,0.0,0.0,0.0,0.0
2012,2013,85,BEST PICTURE,Dan Janvey Josh Penn and Michael Gottwald Producers,Beasts of the Southern Wild,False,12795746.0,Jul,93,92.0,125.0,7.3,87.0,86.0,78595.0,0.0,0.0,0.0,0.0,1.0,0.0,0.0,0.0,0.0,1.0,0.0,0.0,0.0,0.0,0.0,0.0,0.0,0.0,1.0,0.0,0.0,0.0
2012,2013,85,BEST PICTURE,Stacey Sher Reginald Hudlin and Pilar Savone Producers,Django Unchained,False,162805434.0,Dec,165,57.0,153.0,8.4,87.0,81.0,1267819.0,0.0,0.0,0.0,0.0,0.0,0.0,0.0,0.0,0.0,1.0,1.0,0.0,0.0,0.0,0.0,0.0,0.0,0.0,0.0,0.0,0.0,0.0
2012,2013,85,BEST PICTURE,Tim Bevan Eric Fellner Debra Hayward and Cameron Mackintosh Producers,Les Miserables,False,148809770.0,Nov,5,0.0,0.0,7.462968750000003,85.8449111470113,77.40287769784173,205000.5703125,0.0,0.0,1.0,0.0,0.0,0.0,0.0,0.0,0.0,0.0,0.0,0.0,1.0,1.0,1.0,0.0,0.0,0.0,0.0,0.0,0.0,0.0
2012,2013,85,BEST PICTURE,Gil Netter Ang Lee and David Womark Producers,Life of Pi,False,51854875.0,Nov,127,78.0,131.0,7.9,87.0,79.0,551704.0,0.0,0.0,0.0,0.0,1.0,0.0,0.0,0.0,0.0,1.0,0.0,0.0,0.0,0.0,0.0,0.0,0.0,0.0,1.0,0.0,0.0,0.0
2012,2013,85,BEST PICTURE,Steven Spielberg and Kathleen Kennedy Producers,Lincoln,False,37519139.0,Nov,150,107.0,248.0,7.3,89.0,86.0,234637.0,0.0,0.0,0.0,0.0,0.0,0.0,0.0,0.0,1.0,1.0,0.0,0.0,0.0,1.0,0.0,0.0,0.0,0.0,0.0,0.0,0.0,1.0
2012,2013,85,BEST PICTURE,Donna Gigliotti Bruce Cohen and Jonathan Gordon Producers,Silver Linings Playbook,False,132092958.0,Dec,122,88.0,147.0,7.7,92.0,81.0,635560.0,0.0,0.0,0.0,1.0,0.0,0.0,0.0,0.0,0.0,1.0,0.0,0.0,0.0,0.0,0.0,0.0,1.0,0.0,0.0,0.0,0.0,0.0
2012,2013,85,BEST PICTURE,Mark Boal Kathryn Bigelow and Megan Ellison Producers,Zero Dark Thirty,False,95720716.0,Jan,157,86.0,173.0,7.4,91.0,95.0,258006.0,0.0,1.0,0.0,0.0,0.0,0.0,0.0,0.0,0.0,1.0,0.0,0.0,0.0,0.0,0.0,0.0,0.0,0.0,0.0,0.0,0.0,0.0
2013,2014,86,BEST PICTURE,Charles Roven Richard Suckle Megan Ellison and Jonathan Gordon Producers,American Hustle,False,150117807.0,Dec,138,70.0,215.0,7.2,92.0,90.0,428272.0,0.0,0.0,0.0,0.0,0.0,0.0,0.0,0.0,0.0,1.0,0.0,0.0,0.0,0.0,0.0,1.0,0.0,0.0,0.0,0.0,0.0,0.0
2013,2014,86,BEST PICTURE,Scott Rudin Dana Brunetti and Michael De Luca Producers,Captain Phillips,False,107100855.0,Oct,134,16.0,146.0,7.8,93.0,83.0,397978.0,0.0,1.0,0.0,0.0,0.0,0.0,0.0,0.0,1.0,1.0,0.0,0.0,0.0,0.0,0.0,1.0,0.0,0.0,0.0,0.0,0.0,0.0
2013,2014,86,BEST PICTURE,Robbie Brenner and Rachel Winter Producers,Dallas Buyers Club,False,27298285.0,Nov,117,82.0,81.0,8.0,93.0,84.0,414299.0,0.0,0.0,0.0,0.0,0.0,0.0,0.0,0.0,1.0,1.0,0.0,0.0,0.0,0.0,0.0,0.0,0.0,0.0,0.0,0.0,0.0,0.0
2013,2014,86,BEST PICTURE,Alfonso Cuar처n and David Heyman Producers,Gravity,False,274092705.0,Oct,91,232.0,179.0,7.7,96.0,96.0,733274.0,0.0,1.0,0.0,0.0,0.0,0.0,0.0,0.0,0.0,1.0,0.0,1.0,0.0,0.0,0.0,0.0,0.0,0.0,0.0,0.0,0.0,0.0
2013,2014,86,BEST PICTURE,Megan Ellison Spike Jonze and Vincent Landay Producers,Her,False,25568251.0,Jan,126,81.0,183.0,8.0,94.0,90.0,495091.0,0.0,0.0,0.0,0.0,0.0,0.0,0.0,0.0,0.0,1.0,0.0,1.0,0.0,0.0,0.0,0.0,1.0,0.0,0.0,0.0,0.0,0.0
2013,2014,86,BEST PICTURE,Albert Berger and Ron Yerxa Producers,Nebraska,False,17654912.0,Jan,115,28.0,161.0,7.7,91.0,86.0,107637.0,0.0,0.0,0.0,1.0,0.0,0.0,0.0,0.0,0.0,1.0,0.0,0.0,0.0,0.0,0.0,0.0,0.0,0.0,1.0,0.0,0.0,0.0
2013,2014,86,BEST PICTURE,Gabrielle Tana Steve Coogan and Tracey Seaward Producers,Philomena,False,37709979.0,Nov,98,33.0,80.0,7.6,90.0,77.0,90685.0,0.0,0.0,0.0,1.0,0.0,0.0,0.0,0.0,1.0,1.0,0.0,0.0,0.0,0.0,0.0,0.0,0.0,0.0,0.0,0.0,0.0,0.0
2013,2014,86,BEST PICTURE,Brad Pitt Dede Gardner Jeremy Kleiner Steve McQueen and Anthony Katagas Producers,12 Years a Slave,True,56671993.0,Nov,134,237.0,333.0,8.1,95.0,96.0,600537.0,0.0,0.0,0.0,0.0,0.0,0.0,0.0,0.0,1.0,1.0,0.0,0.0,0.0,1.0,0.0,0.0,0.0,0.0,0.0,0.0,0.0,0.0
2013,2014,86,BEST PICTURE,Martin Scorsese Leonardo DiCaprio Joey McFarland and Emma Tillinger Koskoff Producers,The Wolf of Wall Street,False,116900694.0,Dec,180,38.0,170.0,8.2,79.0,75.0,1083088.0,0.0,0.0,0.0,0.0,0.0,0.0,0.0,0.0,1.0,1.0,0.0,0.0,0.0,0.0,0.0,1.0,0.0,0.0,0.0,0.0,0.0,0.0
2014,2015,87,BEST PICTURE,Clint Eastwood Robert Lorenz Andrew Lazar Bradley Cooper and Peter Morgan Producers,American Sniper,False,350126372.0,Jan,133,23.0,43.0,7.3,72.0,72.0,413938.0,0.0,0.0,0.0,0.0,0.0,0.0,0.0,0.0,1.0,1.0,0.0,0.0,0.0,0.0,1.0,0.0,0.0,0.0,0.0,0.0,0.0,1.0
2014,2015,87,BEST PICTURE,Alejandro G I챰찼rritu John Lesher and James W Skotchdopole Producers,Birdman or The Unexpected Virtue of Ignorance,True,42340598.0,Nov,119,191.0,280.0,7.7,91.0,87.0,543527.0,0.0,0.0,0.0,1.0,0.0,0.0,0.0,0.0,0.0,1.0,0.0,0.0,0.0,0.0,0.0,0.0,0.0,0.0,0.0,0.0,0.0,0.0
2014,2015,87,BEST PICTURE,Richard Linklater and Cathleen Sutherland Producers,Boyhood,False,25352281.0,Aug,165,172.0,212.0,7.9,97.0,100.0,322367.0,0.0,0.0,0.0,0.0,0.0,0.0,0.0,0.0,0.0,1.0,0.0,0.0,0.0,0.0,0.0,0.0,0.0,0.0,0.0,0.0,0.0,0.0
2014,2015,87,BEST PICTURE,Wes Anderson Scott Rudin Steven Rales and Jeremy Dawson Producers,The Grand Budapest Hotel,False,59301324.0,Mar,99,128.0,222.0,8.1,91.0,88.0,657039.0,0.0,0.0,0.0,1.0,0.0,0.0,0.0,0.0,0.0,0.0,0.0,0.0,0.0,0.0,0.0,1.0,0.0,0.0,1.0,0.0,0.0,0.0
2014,2015,87,BEST PICTURE,Nora Grossman Ido Ostrowsky and Teddy Schwarzman Producers,The Imitation Game,False,91125683.0,Dec,114,48.0,159.0,8.0,90.0,73.0,640868.0,0.0,1.0,0.0,0.0,0.0,0.0,0.0,0.0,1.0,1.0,0.0,0.0,0.0,0.0,0.0,0.0,0.0,0.0,0.0,0.0,0.0,1.0
2014,2015,87,BEST PICTURE,Christian Colson Oprah Winfrey Dede Gardner and Jeremy Kleiner Producers,Selma,False,52076908.0,Jan,128,58.0,89.0,7.5,99.0,88.0,79780.0,0.0,0.0,0.0,0.0,0.0,0.0,0.0,0.0,1.0,1.0,0.0,0.0,0.0,1.0,0.0,0.0,0.0,0.0,0.0,0.0,0.0,0.0
2014,2015,87,BEST PICTURE,Tim Bevan Eric Fellner Lisa Bruce and Anthony McCarten Producers,The Theory of Everything,False,35893537.0,Nov,123,24.0,123.0,7.7,79.0,72.0,374654.0,0.0,0.0,0.0,0.0,0.0,0.0,0.0,0.0,1.0,1.0,0.0,0.0,0.0,0.0,0.0,0.0,1.0,0.0,0.0,0.0,0.0,0.0
2014,2015,87,BEST PICTURE,Jason Blum Helen Estabrook and David Lancaster Producers,Whiplash,False,13092000.0,Oct,106,90.0,140.0,8.5,93.0,88.0,651730.0,0.0,0.0,0.0,0.0,0.0,0.0,0.0,1.0,0.0,1.0,0.0,0.0,0.0,0.0,0.0,0.0,0.0,0.0,0.0,0.0,0.0,0.0
2015,2016,88,BEST PICTURE,Brad Pitt Dede Gardner and Jeremy Kleiner Producers,The Big Short,False,70259870.0,Dec,130,37.0,80.0,7.8,88.0,81.0,326711.0,0.0,0.0,0.0,1.0,0.0,0.0,0.0,0.0,1.0,1.0,0.0,0.0,0.0,1.0,0.0,0.0,0.0,0.0,0.0,0.0,0.0,0.0
2015,2016,88,BEST PICTURE,Steven Spielberg Marc Platt and Kristie Macosko Krieger Producers,Bridge of Spies,False,72313754.0,Oct,142,30.0,101.0,7.6,91.0,81.0,271290.0,0.0,1.0,0.0,0.0,0.0,0.0,0.0,0.0,0.0,1.0,0.0,0.0,0.0,1.0,0.0,0.0,0.0,0.0,0.0,0.0,0.0,0.0
2015,2016,88,BEST PICTURE,Finola Dwyer and Amanda Posey Producers,Brooklyn,False,38322743.0,Nov,117,39.0,152.0,7.5,97.0,88.0,121722.0,0.0,0.0,0.0,0.0,0.0,0.0,0.0,0.0,0.0,1.0,0.0,0.0,0.0,0.0,0.0,0.0,1.0,0.0,0.0,0.0,0.0,0.0
2015,2016,88,BEST PICTURE,Doug Mitchell and George Miller Producers,Mad Max Fury Road,False,154058340.0,May,120,234.0,220.0,8.1,97.0,90.0,815949.0,0.0,1.0,0.0,0.0,0.0,0.0,0.0,0.0,0.0,0.0,0.0,1.0,0.0,0.0,1.0,0.0,0.0,0.0,1.0,0.0,0.0,0.0
2015,2016,88,BEST PICTURE,Simon Kinberg Ridley Scott Michael Schaefer and Mark Huffam Producers,The Martian,False,228433663.0,Oct,144,40.0,188.0,8.0,91.0,80.0,709081.0,0.0,0.0,0.0,0.0,0.0,0.0,0.0,0.0,0.0,1.0,0.0,1.0,0.0,0.0,0.0,0.0,0.0,0.0,1.0,0.0,0.0,0.0
2015,2016,88,BEST PICTURE,Arnon Milchan Steve Golin Alejandro G I챰찼rritu Mary Parent and Keith Redmon Producers,The Revenant,False,183637894.0,Jan,156,88.0,185.0,8.0,79.0,76.0,651506.0,0.0,0.0,0.0,0.0,0.0,0.0,0.0,0.0,1.0,1.0,1.0,0.0,0.0,1.0,1.0,0.0,0.0,0.0,1.0,0.0,0.0,0.0
2015,2016,88,BEST PICTURE,Ed Guiney Producer,Room,False,38322743.0,Jan,118,104.0,139.0,8.1,93.0,86.0,334957.0,0.0,1.0,0.0,0.0,0.0,0.0,0.0,0.0,0.0,1.0,0.0,0.0,0.0,0.0,0.0,0.0,0.0,0.0,0.0,0.0,0.0,0.0
2015,2016,88,BEST PICTURE,Michael Sugar Steve Golin Nicole Rocklin and Blye Pagon Faust Producers,Spotlight,True,45055776.0,Nov,129,123.0,141.0,8.1,97.0,93.0,385890.0,0.0,0.0,0.0,0.0,0.0,0.0,0.0,0.0,1.0,1.0,0.0,0.0,0.0,0.0,0.0,1.0,0.0,0.0,0.0,0.0,0.0,0.0
2016,2017,89,BEST PICTURE,Shawn Levy Dan Levine Aaron Ryder and David Linde Producers,Arrival,False,59866942.41791045,Nov,116,67.0,258.0,7.9,94.0,81.0,544941.0,0.0,1.0,0.0,0.0,0.0,0.0,1.0,0.0,0.0,1.0,0.0,1.0,0.0,0.0,0.0,0.0,0.0,0.0,0.0,0.0,0.0,0.0
2016,2017,89,BEST PICTURE,Scott Rudin Denzel Washington and Todd Black Producers,Fences,False,57682904.0,Dec,139,56.0,114.0,7.2,92.0,79.0,90810.0,0.0,0.0,0.0,0.0,0.0,0.0,0.0,0.0,0.0,1.0,0.0,0.0,0.0,0.0,0.0,0.0,0.0,0.0,0.0,0.0,0.0,0.0
2016,2017,89,BEST PICTURE,Bill Mechanic and David Permut Producers,Hacksaw Ridge,False,67209615.0,Nov,139,51.0,114.0,8.1,85.0,71.0,393120.0,0.0,0.0,0.0,0.0,0.0,0.0,0.0,0.0,1.0,1.0,0.0,0.0,0.0,1.0,0.0,0.0,0.0,0.0,0.0,0.0,0.0,1.0
2016,2017,89,BEST PICTURE,Carla Hacken and Julie Yorn Producers,Hell or High Water,False,27007844.0,Aug,102,47.0,165.0,7.6,97.0,88.0,186265.0,0.0,1.0,0.0,0.0,0.0,0.0,0.0,0.0,0.0,1.0,1.0,0.0,0.0,0.0,1.0,1.0,0.0,0.0,0.0,0.0,0.0,0.0
2016,2017,89,BEST PICTURE,Donna Gigliotti Peter Chernin Jenno Topping Pharrell Williams and Theodore Melfi Producers,Hidden Figures,False,169607287.0,Jan,127,37.0,85.0,7.8,93.0,74.0,180675.0,0.0,0.0,0.0,0.0,0.0,0.0,0.0,0.0,1.0,1.0,0.0,0.0,0.0,1.0,0.0,0.0,0.0,0.0,0.0,0.0,0.0,0.0
2016,2017,89,BEST PICTURE,Fred Berger Jordan Horowitz and Marc Platt Producers,La La Land,False,151101803.0,Dec,128,235.0,276.0,8.0,91.0,93.0,463791.0,0.0,0.0,0.0,1.0,0.0,0.0,0.0,1.0,0.0,1.0,0.0,0.0,1.0,0.0,0.0,0.0,1.0,0.0,0.0,0.0,0.0,0.0
2016,2017,89,BEST PICTURE,Emile Sherman Iain Canning and Angie Fielder Producers,Lion,False,51738905.0,Jan,118,59.0,98.0,8.0,85.0,69.0,192465.0,0.0,0.0,0.0,0.0,0.0,0.0,0.0,0.0,1.0,1.0,0.0,0.0,0.0,0.0,0.0,0.0,0.0,0.0,0.0,0.0,0.0,0.0
2016,2017,89,BEST PICTURE,Matt Damon Kimberly Steward Chris Moore Lauren Beck and Kevin J Walsh Producers,Manchester by the Sea,False,47695371.0,Dec,137,128.0,256.0,7.8,96.0,96.0,225314.0,0.0,0.0,0.0,0.0,0.0,0.0,0.0,0.0,0.0,1.0,0.0,0.0,0.0,0.0,0.0,0.0,0.0,0.0,0.0,0.0,0.0,0.0
2016,2017,89,BEST PICTURE,Adele Romanski Dede Gardner and Jeremy Kleiner Producers,Moonlight,True,27854932.0,Nov,111,225.0,284.0,7.4,98.0,99.0,243114.0,0.0,0.0,0.0,0.0,0.0,0.0,0.0,0.0,0.0,1.0,0.0,0.0,0.0,0.0,0.0,0.0,0.0,0.0,0.0,0.0,0.0,0.0
2017,2018,90,BEST PICTURE,Peter Spears Luca Guadagnino Emilie Georges and Marco Morabito Producers,Call Me by Your Name,False,18095701.0,Jan,132,96.0,248.0,7.9,95.0,93.0,172809.0,0.0,0.0,0.0,0.0,0.0,0.0,0.0,0.0,0.0,1.0,0.0,0.0,0.0,0.0,0.0,0.0,1.0,0.0,0.0,0.0,0.0,0.0
2017,2018,90,BEST PICTURE,Tim Bevan Eric Fellner Lisa Bruce Anthony McCarten and Douglas Urbanski Producers,Darkest Hour,False,56468410.0,Dec,125,50.0,76.0,7.4,85.0,75.0,150825.0,0.0,0.0,0.0,0.0,0.0,0.0,0.0,0.0,1.0,1.0,0.0,0.0,0.0,1.0,0.0,0.0,0.0,0.0,0.0,0.0,0.0,1.0
2017,2018,90,BEST PICTURE,Emma Thomas and Christopher Nolan Producers,Dunkirk,False,189740665.0,Jul,106,64.0,227.0,7.9,93.0,94.0,494479.0,0.0,1.0,0.0,0.0,0.0,0.0,0.0,0.0,0.0,1.0,0.0,0.0,0.0,1.0,1.0,0.0,0.0,0.0,0.0,0.0,0.0,1.0
2017,2018,90,BEST PICTURE,Sean McKittrick Jason Blum Edward H Hamm Jr and Jordan Peele Producers,Get Out,False,176040665.0,Feb,104,151.0,199.0,7.7,98.0,84.0,442130.0,0.0,1.0,0.0,0.0,0.0,0.0,1.0,0.0,0.0,0.0,0.0,0.0,0.0,0.0,0.0,0.0,0.0,0.0,0.0,0.0,1.0,0.0
2017,2018,90,BEST PICTURE,Scott Rudin Eli Bush and Evelyn ONeill Producers,Lady Bird,False,48958273.0,Dec,94,119.0,218.0,7.4,99.0,94.0,201539.0,0.0,0.0,0.0,1.0,0.0,0.0,0.0,0.0,0.0,1.0,0.0,0.0,0.0,0.0,0.0,0.0,0.0,0.0,0.0,0.0,0.0,0.0
2017,2018,90,BEST PICTURE,JoAnne Sellar Paul Thomas Anderson Megan Ellison and Daniel Lupi Producers,Phantom Thread,False,21198205.0,Jan,130,57.0,116.0,7.5,92.0,90.0,94637.0,0.0,0.0,0.0,0.0,0.0,0.0,0.0,0.0,0.0,1.0,0.0,0.0,0.0,0.0,0.0,0.0,1.0,0.0,0.0,0.0,0.0,0.0
2017,2018,90,BEST PICTURE,Amy Pascal Steven Spielberg and Kristie Macosko Krieger Producers,The Post,False,81903458.0,Jan,116,18.0,111.0,7.2,88.0,83.0,117848.0,0.0,1.0,0.0,0.0,0.0,0.0,0.0,0.0,1.0,1.0,0.0,0.0,0.0,1.0,0.0,0.0,0.0,0.0,0.0,0.0,0.0,0.0
2017,2018,90,BEST PICTURE,Guillermo del Toro and J Miles Dale Producers,The Shape of Water,True,63859435.0,Dec,123,133.0,345.0,7.3,92.0,87.0,333132.0,0.0,1.0,0.0,0.0,1.0,0.0,0.0,0.0,0.0,1.0,0.0,0.0,0.0,0.0,0.0,0.0,1.0,0.0,1.0,0.0,0.0,0.0
2017,2018,90,BEST PICTURE,Graham Broadbent Pete Czernin and Martin McDonagh Producers,Three Billboards outside Ebbing Missouri,False,54513740.0,Dec,115,129.0,222.0,8.2,90.0,88.0,375952.0,0.0,0.0,0.0,1.0,0.0,0.0,0.0,0.0,0.0,1.0,0.0,0.0,0.0,0.0,0.0,1.0,0.0,0.0,0.0,0.0,0.0,0.0
2018,2019,91,BEST PICTURE,Kevin Feige Producer,Black Panther,False,700059566.0,Feb,134,108.0,263.0,7.3,97.0,88.0,561637.0,0.0,0.0,0.0,0.0,0.0,0.0,0.0,0.0,0.0,0.0,0.0,1.0,0.0,0.0,1.0,0.0,0.0,0.0,1.0,0.0,0.0,0.0
2018,2019,91,BEST PICTURE,Sean McKittrick Jason Blum Raymond Mansfield Jordan Peele and Spike Lee Producers,BlacKkKlansman,False,49275340.0,Aug,135,42.0,201.0,7.5,96.0,83.0,174872.0,0.0,0.0,0.0,0.0,0.0,0.0,0.0,0.0,1.0,1.0,0.0,0.0,0.0,0.0,0.0,1.0,0.0,0.0,0.0,0.0,0.0,0.0
2018,2019,91,BEST PICTURE,Graham King Producer,Bohemian Rhapsody,False,216428042.0,Nov,134,37.0,76.0,8.0,61.0,49.0,404084.0,0.0,0.0,0.0,0.0,0.0,0.0,0.0,1.0,1.0,1.0,0.0,0.0,0.0,0.0,0.0,0.0,0.0,0.0,0.0,0.0,0.0,0.0
2018,2019,91,BEST PICTURE,Ceci Dempsey Ed Guiney Lee Magiday and Yorgos Lanthimos Producers,The Favourite,False,34366783.0,Dec,119,177.0,316.0,7.6,93.0,90.0,146044.0,0.0,0.0,0.0,1.0,0.0,0.0,0.0,0.0,1.0,1.0,0.0,0.0,0.0,1.0,0.0,0.0,0.0,0.0,0.0,0.0,0.0,0.0
2018,2019,91,BEST PICTURE,Jim Burke Charles B Wessler Brian Currie Peter Farrelly and Nick Vallelonga Producers,Green Book,True,85080171.0,Nov,130,53.0,107.0,8.2,78.0,69.0,279079.0,0.0,0.0,0.0,1.0,0.0,0.0,0.0,1.0,1.0,1.0,0.0,0.0,0.0,0.0,0.0,0.0,0.0,0.0,0.0,0.0,0.0,0.0
2018,2019,91,BEST PICTURE,Gabriela Rodr챠guez and Alfonso Cuar처n Producers,Roma,False,59866942.41791045,Nov,135,248.0,201.0,7.7,85.8449111470113,96.0,122602.0,0.0,0.0,0.0,0.0,0.0,0.0,0.0,0.0,0.0,1.0,0.0,0.0,0.0,0.0,0.0,0.0,0.0,0.0,0.0,0.0,0.0,0.0
2018,2019,91,BEST PICTURE,Bill Gerber Bradley Cooper and Lynette Howell Taylor Producers,A Star Is Born,False,215288866.0,Oct,136,92.0,272.0,7.7,90.0,88.0,295859.0,0.0,0.0,0.0,0.0,0.0,0.0,0.0,1.0,0.0,1.0,0.0,0.0,0.0,0.0,0.0,0.0,1.0,0.0,0.0,0.0,0.0,0.0
2018,2019,91,BEST PICTURE,Dede Gardner Jeremy Kleiner Adam McKay and Kevin Messick Producers,Vice,False,47836282.0,Dec,132,32.0,129.0,7.2,66.0,61.0,97207.0,0.0,0.0,0.0,1.0,0.0,0.0,0.0,0.0,1.0,1.0,0.0,0.0,0.0,0.0,0.0,0.0,0.0,0.0,0.0,0.0,0.0,0.0
